String,Status,Comments,EN,FR,DE,ES,PT,,,PL
TOM_UI_0001,Ready,E.G.: Welcome Bjorn,"Welcome, {0}","Bienvenue, {0}",,,,,,
TOM_UI_0002,Ready,,Press Any Key To Start,Appuyez sur une touche pour commencer,,,,,,
TOM_UI_0003,Ready,E.G.: - Season 1 -,- Season {0} -,- Saison {0} -,,,,,,
TOM_UI_0004,Ready,,PLAY,JOUER,,,,,,
TOM_UI_0005,Ready,,CHARACTER,PERSONNAGE,,,,,,
TOM_UI_0006,Ready,,How To Play,Comment jouer,,,,,,
TOM_UI_0007,Ready,,Settings,Réglages,,,,,,
TOM_UI_0008,Ready,,Credits,Crédits,,,,,,
TOM_UI_0009,Ready,,Quit,Quitter,,,,,,
TOM_UI_0010,Ready,,NEW,NOUVEAU,,,,,,
TOM_UI_0011,Ready,,Back,Retour,,,,,,
TOM_UI_0012,Ready,,Create New Game,Créer une nouvelle partie,,,,,,
TOM_UI_0013,Ready,,Join Lan Game,Rejoindre une partie LAN,,,,,,
TOM_UI_0014,Ready,,Join Existing Game,Rejoindre une partie existante,,,,,,
TOM_UI_0015,Ready,,Back,Retour,,,,,,
TOM_UI_0016,Ready,,World Name:,Nom du monde:,,,,,,
TOM_UI_0017,Ready,,{0}'s World,Le monde de {0},,,,,,
TOM_UI_0018,Ready,,Max Players Amount,Nombre maximum de joueurs,,,,,,
TOM_UI_0019,Ready,,Server,Serveur,,,,,,
TOM_UI_0020,Ready,,Public,Publique,,,,,,
TOM_UI_0021,Ready,,Private,Privé,,,,,,
TOM_UI_0022,Ready,,Password:,Mot de passe:,,,,,,
TOM_UI_0023,Ready,,Enter Password,Entrer le mot de passe,,,,,,
TOM_UI_0024,Ready,,Connection,Connexion,,,,,,
TOM_UI_0025,Ready,,Online,En ligne,,,,,,
TOM_UI_0026,Ready,,Host,Hôte,,,,,,
TOM_UI_0027,Ready,,Create,Créer,,,,,,
TOM_UI_0028,Ready,,LISTING,LISTE,,,,,,
TOM_UI_0029,Ready,,Filter:,Filtre:,,,,,,
TOM_UI_0030,Ready,,Name,Nom,,,,,,
TOM_UI_0031,Ready,,Players,Joueurs,,,,,,
TOM_UI_0032,Ready,,Join,Joindre,,,,,,
TOM_UI_0033,Ready,,Refresh,Rafraîchir,,,,,,
TOM_UI_0034,Ready,,LIVE,EN COURS,,,,,,
TOM_UI_0035,Ready,,Continue,Continuer,,,,,,
TOM_UI_0036,Ready,,Continue As Host,Continuer en tant qu'hôte,,,,,,
TOM_UI_0037,Ready,,Leave,Quitter,,,,,,
TOM_UI_0038,Ready,,This World Has Been Destroyed,Ce monde a été détruit,,,,,,
TOM_UI_0039,Ready,,World stats and Valhalla rewards coming soon.,Statistiques du monde et récompenses Valhalla à venir bientôt.,,,,,,
TOM_UI_0040,Ready,,LOADING,CHARGEMENT,,,,,,
TOM_UI_0041,Ready,,Graphics,Graphique,,,,,,
TOM_UI_0042,Ready,,Window Mode,Mode fenêtre,,,,,,
TOM_UI_0043,Ready,,Windowed Fullscreen,Fenêtre plein écran,,,,,,
TOM_UI_0044,Ready,,Fullscreen,Plein écran,,,,,,
TOM_UI_0045,Ready,,Windowed,Fenêtre,,,,,,
TOM_UI_0046,Ready,,Display Resolution,Résolution d'affichage,,,,,,
TOM_UI_0047,Ready,,Frame Rate Limit,Limite d'images par seconde,,,,,,
TOM_UI_0048,Ready,,Unlimited,Illimité,,,,,,
TOM_UI_0049,Ready,,Quality,Qualité,,,,,,
TOM_UI_0050,Ready,,Low,Faible,,,,,,
TOM_UI_0051,Ready,,Medium,Moyen,,,,,,
TOM_UI_0052,Ready,,High,Haut,,,,,,
TOM_UI_0053,Ready,,Epic,Épique,,,,,,
TOM_UI_0054,Ready,,Shadows,Ombres,,,,,,
TOM_UI_0055,Ready,,Anti-Aliasing,Anti crénelage,,,,,,
TOM_UI_0056,Ready,,Texture,Texture,,,,,,
TOM_UI_0057,Ready,,Effects,Effets,,,,,,
TOM_UI_0058,Ready,,VSync,VSync,,,,,,
TOM_UI_0059,Ready,,On,Oui,,,,,,
TOM_UI_0060,Ready,,Off,Non,,,,,,
TOM_UI_0061,Ready,,Quit to Main Menu,Quitter au menu principal,,,,,,
TOM_UI_0062,Ready,,Audio,Audio,,,,,,
TOM_UI_0063,Ready,,Music Volume,Volume de la musique,,,,,,
TOM_UI_0064,Ready,,SFX Volume,Volume SFX,,,,,,
TOM_UI_0065,Ready,,Language,Langue,,,,,,
TOM_UI_0066,Ready,,EN,EN,,,,,,
TOM_UI_0067,Ready,,FR,FR,,,,,,
TOM_UI_0068,Ready,,Next,Suivant,,,,,,
TOM_UI_0069,Ready,E.G.: Level 1,Level {0},Niveau {0},,,,,,
TOM_UI_0070,Ready,E.G.: DAY 99,DAY {0},JOUR {0},,,,,,
TOM_UI_0071,Ready,,Common,Commun,,,,,,
TOM_UI_0072,Ready,,Rare,Rare,,,,,,
TOM_UI_0073,Ready,,Epic,Épique,,,,,,
TOM_UI_0074,Ready,,Legendary,Légendaire,,,,,,
TOM_UI_0075,Unused,,Mythical,Mythique,,,,,,
TOM_UI_0076,Ready,,Seed of Yggdrasil,Pousse d'Yggdrasil,,,,,,
TOM_UI_0077,Ready,,Give Souls,Donner des âmes,,,,,,
TOM_UI_0078,Ready,,Dagny the Seeress,Dagny la voyante,,,,,,
TOM_UI_0079,Ready,,Heal,Guérir,,,,,,
TOM_UI_0080,Ready,,Sten the Blacksmith,Sten le forgeron,,,,,,
TOM_UI_0081,Ready,,Edly the Tailor,Edly la tailleur,,,,,,
TOM_UI_0082,Ready,,Craft,Fabriquer,,,,,,
TOM_UI_0083,Ready,,Oyvind the Brewer,Oyvind le brasseur,,,,,,
TOM_UI_0084,Ready,,Build,Construire,,,,,,
TOM_UI_0085,Ready,,Loot,Butin,,,,,,
TOM_UI_0086,Ready,,Take,Prendre,,,,,,
TOM_UI_0087,Ready,,BLACKSMITH,FORGERON,,,,,,
TOM_UI_0088,Ready,,Swords,Épées,,,,,,
TOM_UI_0089,Ready,,Axes,Haches,,,,,,
TOM_UI_0090,Ready,,Hammers,Marteaux,,,,,,
TOM_UI_0091,Ready,,Shields,Boucliers,,,,,,
TOM_UI_0092,Unused,,Tools,Outils,,,,,,
TOM_UI_0093,Ready,,TAILOR,TAILLEUR,,,,,,
TOM_UI_0094,Ready,,Helmets,Casques,,,,,,
TOM_UI_0095,Ready,,Torsos,Torses,,,,,,
TOM_UI_0096,Ready,,Gloves,Gants,,,,,,
TOM_UI_0097,Ready,,Pants,Pantalons,,,,,,
TOM_UI_0098,Ready,,Shoes,Chaussures,,,,,,
TOM_UI_0099,Ready,,Armors,Armures,,,,,,
TOM_UI_0100,Ready,,BREWER,BRASSEUR,,,,,,
TOM_UI_0101,Ready,,Potions,Potions,,,,,,
TOM_UI_0102,Unused,,Elixirs,Elixirs,,,,,,
TOM_UI_0103,Unused,,TRAPPER,TRAPPEUR,,,,,,
TOM_UI_0104,Unused,,Traps,Pièges,,,,,,
TOM_UI_0105,Unused,,Materials,Matériaux,,,,,,
TOM_UI_0106,Ready,E.G. x99 In Inventory,x{0} In Inventory,x{0} dans l'inventaire,,,,,,
TOM_UI_0107,Ready,,CRAFT,FABRIQUER,,,,,,
TOM_UI_0108,Ready,,Requires,Nécéssite,,,,,,
TOM_UI_0109,Ready,,Have/Need,A/Besoin,,,,,,
TOM_UI_0110,Ready,,Equipment,Équipement,,,,,,
TOM_UI_0111,Ready,,Consumables,Consommables,,,,,,
TOM_UI_0112,Ready,,Materials,Matériaux,,,,,,
TOM_UI_0113,Ready,,Map,Carte,,,,,,
TOM_UI_0114,Ready,,Codex,codex,,,,,,
TOM_UI_0115,Ready,,Sort,Trier,,,,,,
TOM_UI_0116,Ready,,Select,Sélectionner,,,,,,
TOM_UI_0117,Ready,,Rotate,Tourner,,,,,,
TOM_UI_0118,Ready,,Donate,Contribuer,,,,,,
TOM_UI_0119,Ready,,Weapons,Armes,,,,,,
TOM_UI_0120,Ready,,EQUIP,ÉQUIPER,,,,,,
TOM_UI_0121,Ready,,DROP,DÉPOSER,,,,,,
TOM_UI_0122,Ready,,CANCEL,ANNULER,,,,,,
TOM_UI_0123,Ready,,UNEQUIP,DÉSÉQUIPER,,,,,,
TOM_UI_0124,Ready,,USE,UTILISER,,,,,,
TOM_UI_0125,Ready,,FAST TRAVEL,VOYAGER RAPIDEMENT,,,,,,
TOM_UI_0126,Ready,,Collect,Collecter,,,,,,
TOM_UI_0127,Ready,,Harvest,Récolter,,,,,,
TOM_UI_0128,Ready,,Mine,Miner,,,,,,
TOM_UI_0129,Ready,,Shrine,Sanctuaire,,,,,,
TOM_UI_0130,Ready,,Fast Travel,Voyage rapide,,,,,,
TOM_UI_0131,Ready,,Choose a Shrine to fast travel to,Choisissez un sanctuaire vers lequel voyager,,,,,,
TOM_UI_0132,Ready,,Revive (Hold),Réanimer (Maintenir),,,,,,
TOM_UI_0133,Ready,,Give Up (Hold),Abandonner (Maintenir),,,,,,
TOM_UI_0134,Ready,E.G.: Loot of Bjorn,Loot of {0},Butin de {0},,,,,,
TOM_UI_0135,Ready,,Open (Hold),Ouvrir (Maintenir),,,,,,
TOM_UI_0136,Ready,,Open,Ouvrir,,,,,,
TOM_UI_0137,Ready,,Close,Fermer,,,,,,
TOM_UI_0138,Ready,,Ignite (Hold),Enflammer (Maintenir),,,,,,
TOM_UI_0139,Ready,,Respawning in:,Réapparition dans:,,,,,,
TOM_UI_0140,Ready,,Souls Lost,Âmes perdues,,,,,,
TOM_UI_0141,Ready,,Retrieve Materials on your Body,Récupérez vos matériaux sur votre corps,,,,,,
TOM_UI_0142,Ready,,WORLD DESTROYED,MONDE DÉTRUIT,,,,,,
TOM_UI_0143,Ready,,THANKS FOR PLAYING!,MERCI D'AVOIR JOUÉ!,,,,,,
TOM_UI_0144,Ready,,Join the discussion and share your feedback!,Rejoignez la discussion et partagez vos commentaires!,,,,,,
TOM_UI_0145,Ready,,Discord,Discord,,,,,,
TOM_UI_0146,Ready,,Are you sure?,Êtes-vous sûr?,,,,,,
TOM_UI_0147,Ready,,Yes,Oui,,,,,,
TOM_UI_0148,Ready,,No,Non,,,,,,
TOM_UI_0149,Ready,,CODEX CONTENT,CONTENU DU CODEX,,,,,,
TOM_UI_0150,Ready,,No Tool,Outil Manquant,,,,,,
TOM_UI_0151,Ready,,General,Général,,,,,,
TOM_UI_0152,Ready,,You survived {DAYSURVIVED} Days,Vous avez survécu {DAYSURVIVED} jours,,,,,,
TOM_UI_0153,Ready,,Next Updates,Prochaines mise à jour,,,,,,
TOM_UI_0154,Ready,,Player Slots: {SLOTSTAKEN}/{SLOTSTOTAL} ,Places Joueur: {SLOTSTAKEN}/{SLOTSTOTAL} ,,,,,,
TOM_UI_0155,Ready,,Disconnected Player,Joueur déconnecté,,,,,,
TOM_UI_0156,Ready,,Type a World Name,Entrez un nom de Monde,,,,,,
TOM_UI_0157,Ready,,Apply,Appliquer,,,,,,
TOM_UI_0158,Ready,,Clear,Réinitialiser,,,,,,
TOM_UI_0159,Ready,,Wishlist Game,Ajouter à Liste de Souhaits,,,,,,
TOM_UI_0160,Ready,,Skill Tree,Arbre de compétences,,,,,,
TOM_UI_0161,Ready,,Ranger,Ranger,,,,,,
TOM_UI_0162,Ready,,Guardian,Guardien,,,,,,
TOM_UI_0163,Ready,,Brawler,Bagarreur,,,,,,
TOM_UI_0164,Ready,,Villager,Villageois,,,,,,
TOM_UI_0165,Ready,,POINTS AVAILABLE,POINTS DISPONIBLES,,,,,,
TOM_UI_0166,Ready,,"Progression is carried over between worlds, choose your specialization wisely! Respec option coming soon.","La progression est sauvegardée entre les mondes, choisissez bien votre spécialisation! Option de respec à venir.",,,,,,
TOM_UI_0167,Ready,,LOCKED,VERROUILLÉ,,,,,,
TOM_UI_0168,Ready,,ACQUIRED,ACQUIS,,,,,,
TOM_UI_0169,Ready,,ACQUIRE,ACQUÉRIR,,,,,,
,,,,,,,,,,
,,,,,,,,,,
TOM_TIPS_0001,Ready,,Find Dagny in the village to heal your wounds.,Trouve Dagny dans le village pour panser tes blessures.,,,,,,
TOM_TIPS_0002,Ready,,Beware the beach of lost souls.,Attention à la plage des âmes perdues.,,,,,,
TOM_TIPS_0003,Ready,,"Equip armour, else you will die like the bleeding god.","Équipez-vous d'une armure, sinon vous mourrez comme un dieu qui saigne.",,,,,,
TOM_TIPS_0004,Ready,,Watch for those who protect the pyres of Gullveig.,Prenez garde à ceux qui protègent les bûchers de Gullveig.,,,,,,
TOM_TIPS_0005,Ready,,Visit Sten to forge something sharp to carry with you.,Visitez Sten pour forger quelque chose de pointu à emporter avec vous.,,,,,,
TOM_TIPS_0006,Ready,,We speak not of the terrors that roam the village at night.,Nous ne parlons pas des terreurs qui parcourent le village la nuit.,,,,,,
TOM_TIPS_0007,Ready,,"Keep safe the Seed of Yggdrasil, else the world shall crumble to ash.","Protégez la pousse d'Yggdrasil, sinon le monde s'effondrera en cendres.",,,,,,
TOM_TIPS_0008,Ready,,Watch how the Rowan tree shifts form as the light recedes from Midgard.,Regardez comment le sorbier change de forme lorsque la lumière se retire de Midgard.,,,,,,
TOM_TIPS_0009,Ready,,Seaweed may glow silver at night on the black sand beaches.,Les algues peuvent devenir argentées la nuit sur les plages de sable noir.,,,,,,
TOM_TIPS_0010,Ready,,"Those fiery elves, the Brennalfar, carry different materials than their forest cousins.","Les Brennalfar, elfes de feu, portent des matériaux différents de ceux de leurs cousins ​​de la forêt.",,,,,,
TOM_TIPS_0011,Ready,,Frozen bodies walk the glacier; do not go to the ice-world unprepared.,Des corps gelés marchent sur le glacier; n'allez pas dans le monde des neiges sans être préparé.,,,,,,
TOM_TIPS_0012,Ready,,Poisons can become antidotes when brought to Oyvind in your Village.,Les poisons peuvent devenir des antidotes quand ils sont amenés à Oyvind dans votre village.,,,,,,
TOM_TIPS_0013,Ready,,Seek out the hardy vines of the Gleipnir Plant... only a wolf could break them.,Cherchez les robustes vignes de la plante Gleipnir... seul un loup pourrait les casser.,,,,,,
TOM_TIPS_0014,Ready,,Fear not the Lindworm; they have not existed in Midgard for many hundred years.,Ne craignez pas le ver Lindworm; ils n'ont pas été aperçu dans Midgard depuis plusieurs siècles.,,,,,,
TOM_TIPS_0015,Ready,,"Have caution with strangers met in the wilderness; find out what they want, first.",Soyez prudent avec les étrangers rencontrés dans le désert; Découvrez d'abord ce qu'ils veulent.,,,,,,
TOM_TIPS_0016,Ready,,Many good Vikings have gone missing in Midgard since the signs of Ragnarök began.,"Depuis les premiers signes de Ragnarök, de nombreux vikings ont disparu à Midgard.",,,,,,
TOM_TIPS_0017,Ready,,Some creatures will lead you on a chase; be prepared to run after them!,Certaines créatures vous prendront en chasse; soyez prêt à courir après eux!,,,,,,
TOM_TIPS_0018,Ready,,"Look out for dry ground, for it could be a fine place to lay a trap.","Attention au sol sec, car ce pourrait être un bon endroit pour poser un piège.",,,,,,
TOM_TIPS_0019,Ready,,Do not overlook the gates of your Village; you can build them up as a defense.,Ne négligez pas les portes de votre village; vous pouvez les construire comme défense.,,,,,,
TOM_TIPS_0020,Ready,,"Pay a visit to Edly, and she'll turn your simple supplies into something worthy.",Rendez visite à Edly et elle transformera vos simples provisions en quelque chose de valeur.,,,,,,
TOM_TIPS_0021,Ready,,"When you see vines like arms reaching along the ground, you have found a Dökkálfar camp.","Quand vous voyez des vignes comme des bras qui s'étendent au sol, vous avez trouvé un camp de Dökkálfar.",,,,,,
TOM_TIPS_0022,Ready,,Spend some time with the Shrine in your Village... you may be surprised where it takes you.,Passez du temps au sanctuaire de votre village... vous serez peut-être surpris d'où cela vous mènera.,,,,,,
TOM_TIPS_0023,Ready,,Scattered throughout the world are ruins from generations past. It can be rewarding to find them.,"Dispersés à travers le monde, il y a des ruines d'ancienne civilisations. Il peut être gratifiant de les trouver.",,,,,,
,,,,,,,,,,
,,,,,,,,,,
TOM_INTRO_0001,Ready,,Village and Yggdrasil,TBD,,,,,,
TOM_INTRO_0002,Ready,,"Welcome to your Village and the Seed of Yggdrasil, the sacred tree you must protect at all costs. You can craft new equipment and armour here.",TBD,,,,,,
TOM_INTRO_0003,Ready,,Exploration and Souls,TBD,,,,,,
TOM_INTRO_0004,Ready,,Explore the world and uncover new resources for crafting. Find Souls and bring it back to the tree to keep it alive.,TBD,,,,,,
TOM_INTRO_0005,Ready,,Attack at Nightfall,TBD,,,,,,
TOM_INTRO_0006,Ready,,"Each night, Helthings will invade your Village and consume the Souls of your tree. Be there at night to fight them off from your home!",TBD,,,,,,
TOM_INTRO_0007,Ready,,Giant Approaching,TBD,,,,,,
TOM_INTRO_0008,Ready,,"In the wilderness, a Giant is moving towards your Village, determined to destroy the Seed of Yggdrasil. Find the Giant and stop it before it is too late.",TBD,,,,,,
,,,,,,,,,,
,,,,,,,,,,
TOM_ANNOUNCEMENT_0001,Ready,,HELTHINGS WILL SOON APPEAR AROUND YOUR VILLAGE,LES HELTHINGS APPARAÎTRONT BIENTÔT AUTOUR DE VOTRE VILLAGE,,,,,,
TOM_ANNOUNCEMENT_0002,Ready,,DEFEND YOUR VILLAGE UNTIL SUNRISE,DÉFENDEZ VOTRE VILLAGE JUSQU'À L'AUBE,,,,,,
TOM_ANNOUNCEMENT_0003,Ready,,YOUR TRIBE SURVIVED ANOTHER DAY,VOTRE TRIBU A SURVÉCU UN AUTRE JOUR,,,,,,
TOM_ANNOUNCEMENT_0004,Ready,,A JOTÜNN HAS ENTERED MIDGARD,UN JOTÜNN EST ENTRÉ DANS MIDGARD,,,,,,
TOM_ANNOUNCEMENT_0005,Ready,,JOTÜNN IS CLOSE TO YOUR VILLAGE,JOTÜNN PROCHE DE VOTRE VILLAGE,,,,,,
TOM_ANNOUNCEMENT_0006,Ready,,JOTÜNN HAS BEEN SENT BACK TO THEIR WORLD,LE JOTÜNN A ÉTÉ RENVOYÉ À SON MONDE,,,,,,
TOM_ANNOUNCEMENT_0007,Ready,,A NEW JOTÜNN HAS APPEARED,UN NOUVEAU JOTÜNN EST APPARU,,,,,,
TOM_ANNOUNCEMENT_0008,Ready,,JOTÜNN HAS BEEN SENT BACK BY {PLAYERNAME},LE JOTÜNN A ÉTÉ RENVOYÉ PAR {PLAYERNAME},,,,,,
TOM_ANNOUNCEMENT_0009,Ready,,SEED OF YGGDRASIL DESTROYED,POUSSE D'YGGDRASIL DÉTRUITE,,,,,,
TOM_ANNOUNCEMENT_0010,Unused,,THE BLOODMOON HAS RISEN,LA LUNE DE SANG S'EST ÉLEVÉE,,,,,,
,,,,,,,,,,
TOM_ALERT_0001,Ready,,Not enough Materials,Pas assez de matériaux,,,,,,
TOM_ALERT_0002,Ready,,Your Health is already full,Votre santé est déjà pleine,,,,,,
TOM_ALERT_0003,Ready,,Your Inventory is full,Votre inventaire est plein,,,,,,
TOM_ALERT_0004,Ready,,Yggdrasil gauge full,Jauge d'Yggdrasil pleine,,,,,,
TOM_ALERT_0005,Ready,,Collect Souls by harvesting resources,Collectes des âmes en récoltant des ressources,,,,,,
TOM_ALERT_0006,Ready,,Craft Tools at the Blacksmith,Fabrique des Outils chez le Forgeron,,,,,,
TOM_ALERT_0007,Ready,,Your Skill gauge is already full,Votre barre de Compétence est déjà pleine,,,,,,
TOM_ALERT_0008,Ready,,{PLAYERNAME} has retrieved their Loot,{PLAYERNAME} a récupéré son Butin,,,,,,
TOM_ALERT_0009,Ready,,{PLAYERNAME} has entered the world,{PLAYERNAME} est entré(e) dans le monde,,,,,,
TOM_ALERT_0010,Ready,,{PLAYERNAME} has left the world,{PLAYERNAME} a quitté le monde,,,,,,
TOM_ALERT_0011,Ready,,{PLAYERNAME} has given {OFFERINGS} Souls,{PLAYERNAME} a donné {OFFERINGS} Âmes,,,,,,
TOM_ALERT_0012,Ready,,{PLAYERNAME} has died,{PLAYERNAME} est mort(e),,,,,,
TOM_ALERT_0013,Ready,,Cannot do this right now,Impossible de faire ça maintenant,,,,,,
TOM_ALERT_0014,Ready,,{PLAYERNAME} has used Dagny's heal,{PLAYERNAME} a utilisé le soin de Dagny,,,,,,
TOM_ALERT_0015,Ready,,{PLAYERNAME} has been knocked out,{PLAYERNAME} a été mis(e) KO,,,,,,
TOM_ALERT_0016,Ready,,{PLAYERNAME} has been revived by {ALLYNAME},{PLAYERNAME} a été réanimé(e) par {ALLYNAME},,,,,,
TOM_ALERT_0017,Ready,,{PLAYERNAME} has abandoned the world,{PLAYERNAME} a abandonné le monde,,,,,,
TOM_ALERT_0018,Ready,,Your Tribe earned {XPAMOUNT} for surviving another day,Votre tribu a gagné {XPAMOUNT} pour avoir survécu un autre jour,,,,,,
TOM_ALERT_0019,Ready,,{PLAYERNAME} Leveled Up to {PLAYERLEVEL},{PLAYERNAME} est passé(e) au niveau {PLAYERLEVEL},,,,,,
TOM_ALERT_0020,Ready,,Not Enough Skill Points,Pas assez de Points de Skills,,,,,,
TOM_ALERT_0021,Ready,,Skill already acquired,Compétence déjà acquise,,,,,,
TOM_ALERT_0022,Ready,,Unlock previous Skill first,Débloquez d'abord la compétence précédente,,,,,,
,,,,,,,,,,
,,,,,,,,,,
TOM_BIOME_NAME_0001,Ready,,Bright Forest,Forêt Lumineuse,,,,,,
TOM_BIOME_NAME_0002,Ready,,Ash Beach,Plage de Cendres,,,,,,
TOM_BIOME_NAME_0003,Ready,,Smoky Highland,Hautes Plaines Fumeuses,,,,,,
TOM_BIOME_NAME_0004,Ready,,Land of Pools,Terre de Flaques,,,,,,
TOM_BIOME_NAME_0005,Ready,,Glacier Peak,Somment de Glacier,,,,,,
,,,,,,,,,,
TOM_BIOME_DESC_0001,Unused,,Bright Forest,TBD,,,,,,
TOM_BIOME_DESC_0002,Unused,,Ash Beach,TBD,,,,,,
TOM_BIOME_DESC_0003,Unused,,Smoky Highland,TBD,,,,,,
TOM_BIOME_DESC_0004,Unused,,Land of Pools,TBD,,,,,,
TOM_BIOME_DESC_0005,Unused,,Glacier Peak,TBD,,,,,,
,,,,,,,,,,
,,,,,,,,,,
TOM_ANIMAL_NAME_0001,Unused,,Dökkálfar Warrior,Guerrier Dökkálfar,,,,,,
TOM_ANIMAL_NAME_0002,Unused,,Unsunken Viking,Viking Échoué,,,,,,
TOM_ANIMAL_NAME_0003,Unused,,Helthing 1,Helthing 1,,,,,,
TOM_ANIMAL_NAME_0004,Ready,,Geirröðr,Geirröðr,,,,,,
TOM_ANIMAL_NAME_0005,Unused,,Varúlfur,Varúlfur,,,,,,
TOM_ANIMAL_NAME_0006,Unused,,Helthing 2,Helthing 2,,,,,,
TOM_ANIMAL_NAME_0007,Unused,,Dökkálfar Archer,Archer Dökkálfar,,,,,,
TOM_ANIMAL_NAME_0008,Unused,,Brennalfar Warrior,Guerrier Brennalfar,,,,,,
TOM_ANIMAL_NAME_0009,Unused,,Brennalfar Archer,Archer Brennalfar,,,,,,
TOM_ANIMAL_NAME_0010,Unused,,Swamp Tröll,Tröll des Marais,,,,,,
TOM_ANIMAL_NAME_0011,Unused,,Frozen Viking,Viking Gelé,,,,,,
TOM_ANIMAL_NAME_0012,Unused,,Ísúlfur,Ísúlfur,,,,,,
TOM_ANIMAL_NAME_0013,Unused,,Brennaúlfur,Brennaúlfur,,,,,,
TOM_ANIMAL_NAME_0014,Ready,,Hálogi,Hálogi,,,,,,
TOM_ANIMAL_NAME_0015,Unused,,Desert Deer,Cerf du Désert,,,,,,
TOM_ANIMAL_NAME_0016,Unused,,Glacier Deer,Cerf du Glacier,,,,,,
TOM_ANIMAL_NAME_0017,Unused,,Forest Deer,Cerf de la Forêt,,,,,,
TOM_ANIMAL_NAME_0018,Unused,,Desert Tröll,Tröll du Désert,,,,,,
TOM_ANIMAL_NAME_0019,Unused,,Forest Wolf,Loup de la Forêt,,,,,,
TOM_ANIMAL_NAME_0020,Unused,,Glacier Wolf,Loup du Glacier,,,,,,
TOM_ANIMAL_NAME_0021,Unused,,Desert Wolf,Loup du Désert,,,,,,
TOM_ANIMAL_NAME_0022,Unused,,Glacier Gnome,Glacier Gnome,,,,,,
TOM_ANIMAL_NAME_0023,Unused,,Desert Gnome,Gnome du Désert,,,,,,
,,,,,,,,,,
TOM_ANIMAL_DESC_0001,Unused,,Dark Elf Warrior,TBD,,,,,,
TOM_ANIMAL_DESC_0002,Unused,,Unsunken Viking,TBD,,,,,,
TOM_ANIMAL_DESC_0003,Unused,,Minion,TBD,,,,,,
TOM_ANIMAL_DESC_0004,Unused,,Ice Giant,TBD,,,,,,
TOM_ANIMAL_DESC_0005,Unused,,Werewolf,TBD,,,,,,
TOM_ANIMAL_DESC_0006,Unused,,Minion 2,TBD,,,,,,
TOM_ANIMAL_DESC_0007,Unused,,Dark Elf Archer,TBD,,,,,,
TOM_ANIMAL_DESC_0008,Unused,,Red Dark Elf Warrior,TBD,,,,,,
TOM_ANIMAL_DESC_0009,Unused,,Red Dark Elf Archer,TBD,,,,,,
TOM_ANIMAL_DESC_0010,Unused,,Purple Troll,TBD,,,,,,
TOM_ANIMAL_DESC_0011,Unused,,Ice Unsunken Viking,TBD,,,,,,
TOM_ANIMAL_DESC_0012,Unused,,Ice Werewolf,TBD,,,,,,
TOM_ANIMAL_DESC_0013,Unused,,Red Werewolf,TBD,,,,,,
TOM_ANIMAL_DESC_0014,Unused,,Fire Giant,TBD,,,,,,
TOM_ANIMAL_DESC_0015,Unused,,Brown Deer,TBD,,,,,,
TOM_ANIMAL_DESC_0016,Unused,,White Deer,TBD,,,,,,
TOM_ANIMAL_DESC_0017,Unused,,Black Deer,TBD,,,,,,
TOM_ANIMAL_DESC_0018,Unused,,White Troll,TBD,,,,,,
TOM_ANIMAL_DESC_0019,Unused,,Black Wolf,TBD,,,,,,
TOM_ANIMAL_DESC_0020,Unused,,White Wolf,TBD,,,,,,
TOM_ANIMAL_DESC_0021,Unused,,Brown Wolf,TBD,,,,,,
TOM_ANIMAL_DESC_0022,Unused,,White Mini Troll Warrior,TBD,,,,,,
TOM_ANIMAL_DESC_0023,Unused,,Blue Mini Troll Warrior,TBD,,,,,,
,,,,,,,,,,
,,,,,,,,,,
TOM_RESOURCE_NAME_0001,Ready,,Grey Rock,Roche grise,,,,,,
TOM_RESOURCE_NAME_0002,Ready,,Spruce Tree,Épicéa,,,,,,
TOM_RESOURCE_NAME_0003,Ready,,Iron Rock,Roche de fer,,,,,,
TOM_RESOURCE_NAME_0004,Ready,,Amethyst Rock,Roche d'améthyste,,,,,,
TOM_RESOURCE_NAME_0005,Ready,,Garnet Rock,Rocher grenat,,,,,,
TOM_RESOURCE_NAME_0006,Ready,,Aquamarine Rock,Roche aquamarine,,,,,,
TOM_RESOURCE_NAME_0007,Ready,,Butterbur,Pétasite,,,,,,
TOM_RESOURCE_NAME_0008,Ready,,Driftwood,Bois flotté,,,,,,
TOM_RESOURCE_NAME_0009,Ready,,Kingcup,Souci d'eau,,,,,,
TOM_RESOURCE_NAME_0010,Ready,,Maple Tree,Érable,,,,,,
TOM_RESOURCE_NAME_0011,Ready,,Rowan Tree,Sorbier,,,,,,
TOM_RESOURCE_NAME_0012,Ready,,Evening Rowan Tree,Sorbier du soir,,,,,,
TOM_RESOURCE_NAME_0013,Ready,,Honour Treasure,Trésor d'honneur,,,,,,
TOM_RESOURCE_NAME_0014,Ready,,Victory Treasure,Trésor de victoire,,,,,,
TOM_RESOURCE_NAME_0015,Ready,,Ancient Treasure,Trésor antique,,,,,,
TOM_RESOURCE_NAME_0016,Ready,,Seaweed Cluster,Grappe d'algues,,,,,,
TOM_RESOURCE_NAME_0017,Ready,,Wormwood,Armoise,,,,,,
TOM_RESOURCE_NAME_0018,Ready,,Skeleton Bones,Os de squelette,,,,,,
TOM_RESOURCE_NAME_0019,Ready,,Grass Tuft,Touffe d'herbe,,,,,,
TOM_RESOURCE_NAME_0020,Ready,,Stormcap Mushroom,Champignon tempête,,,,,,
TOM_RESOURCE_NAME_0021,Ready,,Henbane,Jusquiame noire,,,,,,
TOM_RESOURCE_NAME_0022,Ready,,Gold Rock,Roche d'or,,,,,,
TOM_RESOURCE_NAME_0023,Ready,,Silver Rock,Roche d'argent,,,,,,
TOM_RESOURCE_NAME_0024,Ready,,Magnetite Rock,Roche magnétite,,,,,,
TOM_RESOURCE_NAME_0025,Ready,,Sapphire Rock,Roche de saphire,,,,,,
TOM_RESOURCE_NAME_0026,Ready,,Geirröðr Treasure,Trésor de Geirröðr,,,,,,
TOM_RESOURCE_NAME_0027,Ready,,Hálogi Treasure,Trésor de Hálogi,,,,,,
TOM_RESOURCE_NAME_0028,Ready,,Heart of Winter,Coeur de l'hiver,,,,,,
TOM_RESOURCE_NAME_0029,Ready,,Evening Seaweed Cluster,Grappe d'algues du soir,,,,,,
TOM_RESOURCE_NAME_0030,Ready,,Evening Stormcap Mushroom,Champignon tempête du soir,,,,,,
TOM_RESOURCE_NAME_0031,Ready,,Evening Lindworm Rock,Roche lindworm du soir,,,,,,
TOM_RESOURCE_NAME_0032,Ready,,Evening Yew Tree,If du soir,,,,,,
TOM_RESOURCE_NAME_0033,Ready,,Gleipnir Plant,Plante gleipnir,,,,,,
TOM_RESOURCE_NAME_0034,Ready,,Mistletoe Tree,Arbre de gui,,,,,,
TOM_RESOURCE_NAME_0035,Ready,,Lindworm Rock,Roche lindworm,,,,,,
TOM_RESOURCE_NAME_0036,Ready,,Birch Tree,Bouleau,,,,,,
TOM_RESOURCE_NAME_0037,Ready,,Yew Tree,If,,,,,,
TOM_RESOURCE_NAME_0038,Ready,,Kindling Trap,Piège de feu,,,,,,
TOM_RESOURCE_NAME_0039,Ready,,Prestige Treasure,Trésor de prestige,,,,,,
TOM_RESOURCE_NAME_0040,Ready,,Pine Tree,Pin,,,,,,
TOM_RESOURCE_NAME_0041,Ready,,Snowy Spruce Tree,Épicéa enneigé,,,,,,
TOM_RESOURCE_NAME_0042,Ready,,Snowy Pine Tree,Pin enneigé,,,,,,
TOM_RESOURCE_NAME_0043,Ready,,Honour Treasure,Trésor d'honneur,,,,,,
TOM_RESOURCE_NAME_0044,Ready,,Honour Treasure,Trésor d'honneur,,,,,,
TOM_RESOURCE_NAME_0045,Ready,,Victory Treasure,Trésor de victoire,,,,,,
TOM_RESOURCE_NAME_0046,Ready,,Victory Treasure,Trésor de victoire,,,,,,
TOM_RESOURCE_NAME_0047,Ready,,Ancient Treasure,Trésor antique,,,,,,
TOM_RESOURCE_NAME_0048,Ready,,Ancient Treasure,Trésor antique,,,,,,
TOM_RESOURCE_NAME_0049,Ready,,Prestige Treasure,Trésor de prestige,,,,,,
TOM_RESOURCE_NAME_0050,Ready,,Prestige Treasure,Trésor de prestige,,,,,,
TOM_RESOURCE_NAME_0051,Ready,,Flint Rock,Pierre de silex,,,,,,
TOM_RESOURCE_NAME_0052,Ready,,Branches,Branches,,,,,,
,,,,,,,,,,
TOM_RESOURCE_DESC_0001,Unused,,Grey Rock,TBD,,,,,,
TOM_RESOURCE_DESC_0002,Unused,,Spruce Tree,TBD,,,,,,
TOM_RESOURCE_DESC_0003,Unused,,Iron Rock,TBD,,,,,,
TOM_RESOURCE_DESC_0004,Unused,,Amethyst Rock,TBD,,,,,,
TOM_RESOURCE_DESC_0005,Unused,,Garnet Rock,TBD,,,,,,
TOM_RESOURCE_DESC_0006,Unused,,Aquamarine Rock,TBD,,,,,,
TOM_RESOURCE_DESC_0007,Unused,,Butterbur,TBD,,,,,,
TOM_RESOURCE_DESC_0008,Unused,,Driftwood,TBD,,,,,,
TOM_RESOURCE_DESC_0009,Unused,,Kingcup,TBD,,,,,,
TOM_RESOURCE_DESC_0010,Unused,,Maple Tree,TBD,,,,,,
TOM_RESOURCE_DESC_0011,Unused,,Rowan Tree,TBD,,,,,,
TOM_RESOURCE_DESC_0012,Unused,,Evening Rowan Tree,TBD,,,,,,
TOM_RESOURCE_DESC_0013,Unused,,Honour Treasure,TBD,,,,,,
TOM_RESOURCE_DESC_0014,Unused,,Victory Treasure,TBD,,,,,,
TOM_RESOURCE_DESC_0015,Unused,,Ancient Treasure,TBD,,,,,,
TOM_RESOURCE_DESC_0016,Unused,,Seaweed Cluster,TBD,,,,,,
TOM_RESOURCE_DESC_0017,Unused,,Wormwood,TBD,,,,,,
TOM_RESOURCE_DESC_0018,Unused,,Skeleton Bones,TBD,,,,,,
TOM_RESOURCE_DESC_0019,Unused,,Grass Tuft,TBD,,,,,,
TOM_RESOURCE_DESC_0020,Unused,,Stormcap Mushroom,TBD,,,,,,
TOM_RESOURCE_DESC_0021,Unused,,Henbane,TBD,,,,,,
TOM_RESOURCE_DESC_0022,Unused,,Gold Rock,TBD,,,,,,
TOM_RESOURCE_DESC_0023,Unused,,Silver Rock,TBD,,,,,,
TOM_RESOURCE_DESC_0024,Unused,,Magnetite Rock,TBD,,,,,,
TOM_RESOURCE_DESC_0025,Unused,,Sapphire Rock,TBD,,,,,,
TOM_RESOURCE_DESC_0026,Unused,,Geirrod Treasure,TBD,,,,,,
TOM_RESOURCE_DESC_0027,Unused,,Hálogi Treasure,TBD,,,,,,
TOM_RESOURCE_DESC_0028,Unused,,Heart of Winter,TBD,,,,,,
TOM_RESOURCE_DESC_0029,Unused,,Evening Seaweed Cluster,TBD,,,,,,
TOM_RESOURCE_DESC_0030,Unused,,Evening Stormcap Mushroom,TBD,,,,,,
TOM_RESOURCE_DESC_0031,Unused,,Evening Lindworm Rock,TBD,,,,,,
TOM_RESOURCE_DESC_0032,Unused,,Evening Yew Tree,TBD,,,,,,
TOM_RESOURCE_DESC_0033,Unused,,Gleipnir Plant,TBD,,,,,,
TOM_RESOURCE_DESC_0034,Unused,,Mistletoe Tree,TBD,,,,,,
TOM_RESOURCE_DESC_0035,Unused,,Lindworm Rock,TBD,,,,,,
TOM_RESOURCE_DESC_0036,Unused,,Birch Tree,TBD,,,,,,
TOM_RESOURCE_DESC_0037,Unused,,Yew Tree,TBD,,,,,,
TOM_RESOURCE_DESC_0038,Unused,,Kindling Trap,TBD,,,,,,
TOM_RESOURCE_DESC_0039,Unused,,Prestige Treasure,TBD,,,,,,
TOM_RESOURCE_DESC_0040,Unused,,Pine Tree,TBD,,,,,,
TOM_RESOURCE_DESC_0041,Unused,,Snowy Spruce Tree,TBD,,,,,,
TOM_RESOURCE_DESC_0042,Unused,,Snowy Pine Tree,TBD,,,,,,
TOM_RESOURCE_DESC_0043,Unused,,Honour Treasure,TBD,,,,,,
TOM_RESOURCE_DESC_0044,Unused,,Honour Treasure,TBD,,,,,,
TOM_RESOURCE_DESC_0045,Unused,,Victory Treasure,TBD,,,,,,
TOM_RESOURCE_DESC_0046,Unused,,Victory Treasure,TBD,,,,,,
TOM_RESOURCE_DESC_0047,Unused,,Ancient Treasure,TBD,,,,,,
TOM_RESOURCE_DESC_0048,Unused,,Ancient Treasure,TBD,,,,,,
TOM_RESOURCE_DESC_0049,Unused,,Prestige Treasure,TBD,,,,,,
TOM_RESOURCE_DESC_0050,Unused,,Prestige Treasure,TBD,,,,,,
,,,,,,,,,,
,,,,,,,,,,
TOM_FORTIFICATION_NAME_0001,Ready,,East Gate,Porte Est,,,,,,
TOM_FORTIFICATION_NAME_0002,Ready,,West Gate,Porte Ouest,,,,,,
TOM_FORTIFICATION_NAME_0003,Ready,,South Gate,Porte Sud,,,,,,
,,,,,,,,,,
TOM_FORTIFICATION_DESC_0001,Ready,,A strong gate to block Helthings from entering your walls.,Une porte robuste pour empêcher les Helthings d'entrer à l'intérieur des murs.,,,,,,
TOM_FORTIFICATION_DESC_0002,Ready,,A strong gate to block Helthings from entering your walls.,Une porte robuste pour empêcher les Helthings d'entrer à l'intérieur des murs.,,,,,,
TOM_FORTIFICATION_DESC_0003,Ready,,A strong gate to block Helthings from entering your walls.,Une porte robuste pour empêcher les Helthings d'entrer à l'intérieur des murs.,,,,,,
,,,,,,,,,,
,,,,,,,,,,
TOM_ITEM_NAME_0001,Unused,,Placeholder Axe,TBD,,,,,,
TOM_ITEM_NAME_0002,Ready,,Standard Sword,Épée standard,,,,,,
TOM_ITEM_NAME_0003,Unused,,Placeholder Shield,TBD,,,,,,
TOM_ITEM_NAME_0004,Unused,,Material1,TBD,,,,,,
TOM_ITEM_NAME_0005,Unused,,DarkElfClub,TBD,,,,,,
TOM_ITEM_NAME_0006,Unused,,Chest01,TBD,,,,,,
TOM_ITEM_NAME_0007,Unused,,Gloves01,TBD,,,,,,
TOM_ITEM_NAME_0008,Unused,,Helmet01,TBD,,,,,,
TOM_ITEM_NAME_0009,Unused,,Pants01,TBD,,,,,,
TOM_ITEM_NAME_0010,Unused,,Shoes01,TBD,,,,,,
TOM_ITEM_NAME_0011,Unused,,Chest02,TBD,,,,,,
TOM_ITEM_NAME_0012,Unused,,Material2,TBD,,,,,,
TOM_ITEM_NAME_0013,Unused,,Essence1,TBD,,,,,,
TOM_ITEM_NAME_0014,Unused,,Basic Pickaxe,Pioche de base,,,,,,
TOM_ITEM_NAME_0015,Unused,,Basic Wood Axe,Hache pour arbre de base,,,,,,
TOM_ITEM_NAME_0016,Unused,,GatheringTool,TBD,,,,,,
TOM_ITEM_NAME_0017,Ready,,Standard Axe,Hache standard,,,,,,
TOM_ITEM_NAME_0018,Ready,,Wanderer Axe,Hache de vagabond,,,,,,
TOM_ITEM_NAME_0019,Ready,,Standard Shield,Bouclier standard,,,,,,
TOM_ITEM_NAME_0020,Ready,,Wanderer Shield,Bouclier de vagabond,,,,,,
TOM_ITEM_NAME_0021,Ready,,Standard Torso,Torse standard,,,,,,
TOM_ITEM_NAME_0022,Ready,,Wanderer Torso,Torse de vagabond,,,,,,
TOM_ITEM_NAME_0023,Ready,,Standard Gloves,Gants standards,,,,,,
TOM_ITEM_NAME_0024,Ready,,Wanderer Gloves,Gants de vagabond,,,,,,
TOM_ITEM_NAME_0025,Ready,,Standard Pants,Pantalon standard,,,,,,
TOM_ITEM_NAME_0026,Ready,,Wanderer Pants,Pantalon de vagabond,,,,,,
TOM_ITEM_NAME_0027,Ready,,Standard Boots,Bottes standards,,,,,,
TOM_ITEM_NAME_0028,Ready,,Wanderer Boots,Bottes de vagabond,,,,,,
TOM_ITEM_NAME_0029,Ready,,Flint,Silex,,,,,,
TOM_ITEM_NAME_0030,Ready,,Ashes,Cendres,,,,,,
TOM_ITEM_NAME_0031,Ready,,Wool,Laine,,,,,,
TOM_ITEM_NAME_0032,Ready,,Silk Cloth,Tissu en soie,,,,,,
TOM_ITEM_NAME_0033,Ready,,Moonstone,Pierre de lune,,,,,,
TOM_ITEM_NAME_0034,Ready,,Wolf Fang,Croc de loup,,,,,,
TOM_ITEM_NAME_0035,Ready,,Gold Chain,Chaîne en or,,,,,,
TOM_ITEM_NAME_0036,Ready,,Gold Ring,Bague en or,,,,,,
TOM_ITEM_NAME_0037,Ready,,Bones,Os,,,,,,
TOM_ITEM_NAME_0038,Ready,,Drekar Talisman,Talisman drekar,,,,,,
TOM_ITEM_NAME_0039,Ready,,Leather,Cuir,,,,,,
TOM_ITEM_NAME_0040,Ready,,Iron Ore,Minerai de fer,,,,,,
TOM_ITEM_NAME_0041,Ready,,Amethyst,Améthyste,,,,,,
TOM_ITEM_NAME_0042,Ready,,Garnet,Grenat,,,,,,
TOM_ITEM_NAME_0043,Ready,,Aquamarine,Aquamarine,,,,,,
TOM_ITEM_NAME_0044,Ready,,Stone,Pierre,,,,,,
TOM_ITEM_NAME_0045,Ready,,Wood,Bois,,,,,,
TOM_ITEM_NAME_0046,Ready,,Henbane Nectar,Nectar de Jusquiame noire,,,,,,
TOM_ITEM_NAME_0047,Ready,,Seaweed,Algue,,,,,,
TOM_ITEM_NAME_0048,Ready,,Butterbur Leaves,Feuilles de pétasite,,,,,,
TOM_ITEM_NAME_0049,Ready,,Butterbur Roots,Racines de pétasite,,,,,,
TOM_ITEM_NAME_0050,Ready,,Kingcup Nectar,Nectar de souci d'eau,,,,,,
TOM_ITEM_NAME_0051,Ready,,Maple Sap,Sève d'érable,,,,,,
TOM_ITEM_NAME_0052,Ready,,Carved Mjolnir,Mjolnir sculpté,,,,,,
TOM_ITEM_NAME_0053,Ready,,Frost Giant Jaw,Mâchoire de géant de glace,,,,,,
TOM_ITEM_NAME_0054,Unused,,Unsunken Viking Axe,TBD,,,,,,
TOM_ITEM_NAME_0055,Unused,,Unsunken Viking Shield,TBD,,,,,,
TOM_ITEM_NAME_0056,Ready,,Souls,Âmes,,,,,,
TOM_ITEM_NAME_0057,Unused,,Ice Giant Weapon,Arme géante de glace,,,,,,
TOM_ITEM_NAME_0058,Ready,,Standard Hammer,Marteau standard,,,,,,
TOM_ITEM_NAME_0059,Ready,,Silver,Argent,,,,,,
TOM_ITEM_NAME_0060,Ready,,Sticks,Bâtons,,,,,,
TOM_ITEM_NAME_0061,Ready,,Grass,Herbe,,,,,,
TOM_ITEM_NAME_0062,Ready,,Fur,Fourrure,,,,,,
TOM_ITEM_NAME_0063,Ready,,Gold,Or,,,,,,
TOM_ITEM_NAME_0064,Ready,,Heart of Winter,Coeur de l'hiver,,,,,,
TOM_ITEM_NAME_0065,Unused,,TBA Material,TBD,,,,,,
TOM_ITEM_NAME_0066,Ready,,Magnetite,Magnétite,,,,,,
TOM_ITEM_NAME_0067,Ready,,Mushroom Oil,Huile de champignon,,,,,,
TOM_ITEM_NAME_0068,Ready,,Spruce Needles,Aiguilles d'épicéa,,,,,,
TOM_ITEM_NAME_0069,Ready,,Sapphire,Saphir,,,,,,
TOM_ITEM_NAME_0070,Ready,,Bear Hunter Axe,Hache de chasseur d'ours,,,,,,
TOM_ITEM_NAME_0071,Ready,,Valkyrie Axe,Hache de Valkyrie,,,,,,
TOM_ITEM_NAME_0072,Ready,,Asgard Axe,Hache d'Asgard,,,,,,
TOM_ITEM_NAME_0073,Ready,,Volcanic Axe,Hache volcanique,,,,,,
TOM_ITEM_NAME_0074,Ready,,Snow Ranger Axe,Hache de ranger des neiges,,,,,,
TOM_ITEM_NAME_0075,Ready,,Frostbite Axe,Hache engelure,,,,,,
TOM_ITEM_NAME_0076,Ready,,Fornjot's Axe,Hache de Fornjot,,,,,,
TOM_ITEM_NAME_0077,Ready,,Baldur's Revenge,Vengeance de Baldur,,,,,,
TOM_ITEM_NAME_0078,Ready,,Old Fool's Hammer,Marteau du vieux fou,,,,,,
TOM_ITEM_NAME_0079,Ready,,Brother of Mjolnir,Frère de Mjolnir,,,,,,
TOM_ITEM_NAME_0080,Ready,,Muspelheim Hammer,Marteau de Muspelheim,,,,,,
TOM_ITEM_NAME_0081,Ready,,Skadi's Hammer,Marteau de Skadi,,,,,,
TOM_ITEM_NAME_0082,Ready,,Berserk Hammer,Marteau Berserk,,,,,,
TOM_ITEM_NAME_0083,Ready,,Volsung Hammer,Marteau Volsung,,,,,,
TOM_ITEM_NAME_0084,Ready,,Hel's Army Hammer,Marteau d'armée de Hel,,,,,,
TOM_ITEM_NAME_0085,Ready,,Royal Hammer,Marteau royal,,,,,,
TOM_ITEM_NAME_0086,Ready,,Lindworm Hammer,Marteau des loups,,,,,,
TOM_ITEM_NAME_0087,Ready,,Ymir's Eyelash,Cils d'Ymir,,,,,,
TOM_ITEM_NAME_0088,Ready,,Storm Sword,Épée des tempêtes,,,,,,
TOM_ITEM_NAME_0089,Ready,,Scathe of Branches,Scathe de Branches,,,,,,
TOM_ITEM_NAME_0090,Ready,,Muspelheim Sword,Epée de Muspelheim,,,,,,
TOM_ITEM_NAME_0091,Ready,,Mountain Sword,Épée de montagne,,,,,,
TOM_ITEM_NAME_0092,Ready,,Volsung Sword,Épée Volsung,,,,,,
TOM_ITEM_NAME_0093,Ready,,Hel's Army Sword,Épée de l'armée de Hel,,,,,,
TOM_ITEM_NAME_0094,Ready,,The Poisoned Tongue,La langue empoisonnée,,,,,,
TOM_ITEM_NAME_0095,Ready,,Lindworm Sword,Épée de lindworm,,,,,,
TOM_ITEM_NAME_0096,Ready,,Bear Hunter Shield,Bouclier de chasseur d'ours,,,,,,
TOM_ITEM_NAME_0097,Ready,,Storm Shield,Bouclier des tempêtes,,,,,,
TOM_ITEM_NAME_0098,Ready,,Volcanic Shield,Bouclier volcanique,,,,,,
TOM_ITEM_NAME_0099,Ready,,Fimbulwinter Shield,Bouclier de Fimbulwinter,,,,,,
TOM_ITEM_NAME_0100,Ready,,Frostbite Shield,Bouclier des engelures,,,,,,
TOM_ITEM_NAME_0101,Ready,,Volsung Shield,Bouclier Volsung,,,,,,
TOM_ITEM_NAME_0102,Ready,,Hel's Army Shield,Bouclier d'armée de Hel,,,,,,
TOM_ITEM_NAME_0103,Ready,,Dark Seidr Shield,Bouclier de Seidr noir,,,,,,
TOM_ITEM_NAME_0104,Ready,,Berserk Shield,Bouclier Berserk,,,,,,
TOM_ITEM_NAME_0105,Ready,,Bear Hunter Boots,Bottes de chasseur d'ours,,,,,,
TOM_ITEM_NAME_0106,Ready,,Storm Boots,Bottes des tempêtes,,,,,,
TOM_ITEM_NAME_0107,Ready,,Volcanic Boots,Bottes volcaniques,,,,,,
TOM_ITEM_NAME_0108,Ready,,Muspelheim Boots,Bottes Muspelheim,,,,,,
TOM_ITEM_NAME_0109,Ready,,Fimbulwinter Boots,Bottes Fimbulwinter,,,,,,
TOM_ITEM_NAME_0110,Ready,,Frostbite Boots,Bottes de gelure,,,,,,
TOM_ITEM_NAME_0111,Ready,,Volsung Boots,Bottes Volsung,,,,,,
TOM_ITEM_NAME_0112,Ready,,Hel's Army Boots,Bottes d'armée de Hel,,,,,,
TOM_ITEM_NAME_0113,Ready,,Baldur's Boots,Bottes de Baldur,,,,,,
TOM_ITEM_NAME_0114,Ready,,Bear Hunter Torso,Torse de chasseur d'ours,,,,,,
TOM_ITEM_NAME_0115,Ready,,Storm Torso,Torse des tempêtes,,,,,,
TOM_ITEM_NAME_0116,Ready,,Volcanic Torso,Torse volcanique,,,,,,
TOM_ITEM_NAME_0117,Ready,,Muspelheim Torso,Torse de Muspelheim,,,,,,
TOM_ITEM_NAME_0118,Ready,,Fimbulwinter Torso,Torse Fimbulwinter,,,,,,
TOM_ITEM_NAME_0119,Ready,,Frostbite Torso,Torse des engelures,,,,,,
TOM_ITEM_NAME_0120,Ready,,Volsung Torso,Torse Volsung,,,,,,
TOM_ITEM_NAME_0121,Ready,,Hel's Army Torso,Torse de l'armée de Hel,,,,,,
TOM_ITEM_NAME_0122,Ready,,Baldur's Cloak,Cape de Baldur,,,,,,
TOM_ITEM_NAME_0123,Ready,,Bear Hunter Gloves,Gants de chasseur d'ours,,,,,,
TOM_ITEM_NAME_0124,Ready,,Storm Gloves,Gants des tempêtes,,,,,,
TOM_ITEM_NAME_0125,Ready,,Volcanic Gloves,Gants volcaniques,,,,,,
TOM_ITEM_NAME_0126,Ready,,Muspelheim Gloves,Gants de Muspelheim,,,,,,
TOM_ITEM_NAME_0127,Ready,,Fimbulwinter Gloves,Gants Fimbulwinter,,,,,,
TOM_ITEM_NAME_0128,Ready,,Frostbite Gloves,Gants des engelures,,,,,,
TOM_ITEM_NAME_0129,Ready,,Volsung Gloves,Gants Volsung,,,,,,
TOM_ITEM_NAME_0130,Ready,,Hel's Army Gloves,Gants d'armée de Hel,,,,,,
TOM_ITEM_NAME_0131,Ready,,Baldur's Gloves,Gants de Baldur,,,,,,
TOM_ITEM_NAME_0132,Ready,,Bear Hunter Helmet,Casque de chasseur d'ours,,,,,,
TOM_ITEM_NAME_0133,Ready,,Storm Helmet,Casque des tempêtes,,,,,,
TOM_ITEM_NAME_0134,Ready,,Volcanic Helmet,Casque volcanique,,,,,,
TOM_ITEM_NAME_0135,Ready,,Muspelheim Helmet,Casque de Muspelheim,,,,,,
TOM_ITEM_NAME_0136,Ready,,Fimbulwinter Helmet,Casque Fimbulwinter,,,,,,
TOM_ITEM_NAME_0137,Ready,,Frostbite Helmet,Casque des engelures,,,,,,
TOM_ITEM_NAME_0138,Ready,,Volsung Helmet,Casque Volsung,,,,,,
TOM_ITEM_NAME_0139,Ready,,Hel's Army Helmet,Casque d'armée de Hel,,,,,,
TOM_ITEM_NAME_0140,Ready,,Baldur's Helmet,Casque de Baldur,,,,,,
TOM_ITEM_NAME_0141,Ready,,Standard Helmet,Casque standard,,,,,,
TOM_ITEM_NAME_0142,Ready,,Wanderer Helmet,Casque du vagabond,,,,,,
TOM_ITEM_NAME_0143,Ready,,Bear Hunter Pants,Pantalon de chasseur d'ours,,,,,,
TOM_ITEM_NAME_0144,Ready,,Storm Pants,Pantalon des tempêtes,,,,,,
TOM_ITEM_NAME_0145,Ready,,Volcanic Pants,Pantalon volcanique,,,,,,
TOM_ITEM_NAME_0146,Ready,,Muspelheim Pants,Pantalon de Muspelheim,,,,,,
TOM_ITEM_NAME_0147,Ready,,Fimbulwinter Pants,Pantalon Fimbulwinter,,,,,,
TOM_ITEM_NAME_0148,Ready,,Frostbite Pants,Pantalon des engelures,,,,,,
TOM_ITEM_NAME_0149,Ready,,Volsung Pants,Pantalon Volsung,,,,,,
TOM_ITEM_NAME_0150,Ready,,Hel's Army Pants,Pantalon d'armée de Hel,,,,,,
TOM_ITEM_NAME_0151,Ready,,Baldur's Trousers,Pantalon de Baldur,,,,,,
TOM_ITEM_NAME_0152,Unused,,Minion 1 Weapon,TBD,,,,,,
TOM_ITEM_NAME_0153,Unused,,Werewolf Weapon,TBD,,,,,,
TOM_ITEM_NAME_0154,Unused,,Minion 2 Weapon,TBD,,,,,,
TOM_ITEM_NAME_0155,Unused,,Dark Elf Archer Bow,TBD,,,,,,
TOM_ITEM_NAME_0156,Unused,,Ice Giant Armor,TBD,,,,,,
TOM_ITEM_NAME_0157,Unused,,Dark Elf Warrior Armor,TBD,,,,,,
TOM_ITEM_NAME_0158,Unused,,Dark Elf Archer Armor,TBD,,,,,,
TOM_ITEM_NAME_0159,Unused,,Werewolf Armor,TBD,,,,,,
TOM_ITEM_NAME_0160,Unused,,Unsunken Armor,TBD,,,,,,
TOM_ITEM_NAME_0161,Unused,,Minion 1 Armor,TBD,,,,,,
TOM_ITEM_NAME_0162,Unused,,Minion 2 Armor,TBD,,,,,,
TOM_ITEM_NAME_0163,Unused,,Naked Chest,TBD,,,,,,
TOM_ITEM_NAME_0164,Unused,,Dark Red Elf Warrior Armor,TBD,,,,,,
TOM_ITEM_NAME_0165,Unused,,Dark Red Elf Archer Armor,TBD,,,,,,
TOM_ITEM_NAME_0166,Unused,,Dark Red Elf Warrior Club,TBD,,,,,,
TOM_ITEM_NAME_0167,Unused,,Dark Red Elf Archer Bow,TBD,,,,,,
TOM_ITEM_NAME_0168,Unused,,Naked Combat,TBD,,,,,,
TOM_ITEM_NAME_0169,Unused,,Blue Troll Boss Weapon,TBD,,,,,,
TOM_ITEM_NAME_0170,Unused,,Blue Troll Armor,TBD,,,,,,
TOM_ITEM_NAME_0171,Ready,,Morning Recovery Potion,Potion de soin du matin,,,,,,
TOM_ITEM_NAME_0172,Ready,,Bloodsoap Potion,Potion au savon de sang,,,,,,
TOM_ITEM_NAME_0173,Ready,,Liquid Runes Potion,Potion liquide de runes,,,,,,
TOM_ITEM_NAME_0174,Ready,,Mead Spices,Épices d'hydromel,,,,,,
TOM_ITEM_NAME_0175,Ready,,Rowan Berries,Baies de sorbier,,,,,,
TOM_ITEM_NAME_0176,Ready,,Gleipnir Vines,Vignes gleipnir,,,,,,
TOM_ITEM_NAME_0177,Ready,,Silver Thread,Fil d'argent,,,,,,
TOM_ITEM_NAME_0178,Ready,,Fire Giant Horn,Corne de géant de feu,,,,,,
TOM_ITEM_NAME_0179,Ready,,Birch Water,Eau de bouleau,,,,,,
TOM_ITEM_NAME_0180,Ready,,Eye of the Lindworm,Oeil de lindworm,,,,,,
TOM_ITEM_NAME_0181,Ready,,Mistletoe,Gui,,,,,,
TOM_ITEM_NAME_0182,Ready,,Lightning Residue,Résidus de foudre,,,,,,
TOM_ITEM_NAME_0183,Ready,,Yew Poison,Poison d'if,,,,,,
TOM_ITEM_NAME_0184,Unused,,Ice Unsunken Viking Armor,TBD,,,,,,
TOM_ITEM_NAME_0185,Unused,,Ice Werewolf Armor,TBD,,,,,,
TOM_ITEM_NAME_0186,Unused,,Red Werewolf Armor,TBD,,,,,,
TOM_ITEM_NAME_0187,Unused,,Ice Unsunken Viking Axe,TBD,,,,,,
TOM_ITEM_NAME_0188,Unused,,Ice Unsunken Viking Shield,TBD,,,,,,
TOM_ITEM_NAME_0189,Unused,,Ice Werewolf Weapon,TBD,,,,,,
TOM_ITEM_NAME_0190,Unused,,Red Werewolf Weapon,TBD,,,,,,
TOM_ITEM_NAME_0191,Unused,,Fire Giant Armor,TBD,,,,,,
TOM_ITEM_NAME_0192,Unused,,Fire Giant Weapon,TBD,,,,,,
TOM_ITEM_NAME_0193,Ready,,Fingernails,Ongles,,,,,,
TOM_ITEM_NAME_0194,Ready,,Smoke Thorns,Épines fumées,,,,,,
TOM_ITEM_NAME_0195,Unused,,White Troll Weapon,TBD,,,,,,
TOM_ITEM_NAME_0196,Unused,,White Troll Armor,TBD,,,,,,
TOM_ITEM_NAME_0197,Unused,,Black Wolf Weapon,TBD,,,,,,
TOM_ITEM_NAME_0198,Ready,,Pine Cone,Pomme de pin,,,,,,
TOM_ITEM_NAME_0199,Ready,,Pine Bark,Écorce de pin,,,,,,
TOM_ITEM_NAME_0200,Ready,,Spruce Tip Syrup,Sirop de pointe d'épicéa,,,,,,
TOM_ITEM_NAME_0201,Unused,,White Wolf Weapon,TBD,,,,,,
TOM_ITEM_NAME_0202,Unused,,Brown Wolf Weapon,TBD,,,,,,
TOM_ITEM_NAME_0203,Unused,,White Mini Troll Warrior Weapon,TBD,,,,,,
TOM_ITEM_NAME_0204,Unused,,White Mini Troll Warrior Armor,TBD,,,,,,
TOM_ITEM_NAME_0205,Unused,,Blue Mini Troll Warrior Weapon,TBD,,,,,,
TOM_ITEM_NAME_0206,Unused,,Blue Mini Troll Warrior Armor,TBD,,,,,,
TOM_ITEM_NAME_0207,Ready,,Bitter Medicine Potion,Potion de médecine amère,,,,,,
TOM_ITEM_NAME_0208,Unused,,TBD,TBD,,,,,,
TOM_ITEM_NAME_0209,Unused,,TBD,TBD,,,,,,
TOM_ITEM_NAME_0210,Unused,,TBD,TBD,,,,,,
TOM_ITEM_NAME_0211,Unused,,TBD,TBD,,,,,,
TOM_ITEM_NAME_0212,Ready,,Silver Pickaxe,Pioche en argent,,,,,,
TOM_ITEM_NAME_0213,Ready,,Silver Wood Axe,Hache pour arbre en argent,,,,,,
,,,,,,,,,,
,,,,,,,,,,
TOM_ITEM_DESC_0001,Unused,,NA,TBD,,,,,,
TOM_ITEM_DESC_0002,Ready,,"A sharp, basic sword to defend yourself with.",Une épée aiguisée de base pour se défendre.,,,,,,
TOM_ITEM_DESC_0003,Unused,,NA,TBD,,,,,,
TOM_ITEM_DESC_0004,Unused,,NA,TBD,,,,,,
TOM_ITEM_DESC_0005,Unused,,NA,TBD,,,,,,
TOM_ITEM_DESC_0006,Unused,,NA,TBD,,,,,,
TOM_ITEM_DESC_0007,Unused,,NA,TBD,,,,,,
TOM_ITEM_DESC_0008,Unused,,NA,TBD,,,,,,
TOM_ITEM_DESC_0009,Unused,,NA,TBD,,,,,,
TOM_ITEM_DESC_0010,Unused,,NA,TBD,,,,,,
TOM_ITEM_DESC_0011,Unused,,NA,TBD,,,,,,
TOM_ITEM_DESC_0012,Unused,,NA,TBD,,,,,,
TOM_ITEM_DESC_0013,Unused,,NA,TBD,,,,,,
TOM_ITEM_DESC_0014,Unused,,A tool used to mine down minerals. Too weak to be used in a fight.,Un outil utilisé pour miner des minéraux. Trop faible pour être utilisé en combat.,,,,,,
TOM_ITEM_DESC_0015,Unused,,A tool used to chop down trees. Too weak to be used in a fight.,Un outil utilisé pour abattre des arbres. Trop faible pour être utilisé en combat.,,,,,,
TOM_ITEM_DESC_0016,Unused,,NA,TBD,,,,,,
TOM_ITEM_DESC_0017,Ready,,"A basic axe to defend yourself, as you travel throughout Midgard.",Une hache de base pour vous défendre lorsque vous voyagez dans Midgard.,,,,,,
TOM_ITEM_DESC_0018,Ready,,"An axe for someone who has seen many earths, and knows of the beasts that walk here.",Une hache pour quelqu'un qui a vu beaucoup de paysage et qui connaît les bêtes qui marchent ici.,,,,,,
TOM_ITEM_DESC_0019,Ready,,"A basic shield to protect yourself, as you travel throughout Midgard.",Un bouclier de base pour vous protéger lors de vos déplacements dans Midgard.,,,,,,
TOM_ITEM_DESC_0020,Ready,,"A shield to guard against malevolent shadows, for one who has seen shadows move.","Un bouclier pour se protéger des ombres malveillantes, pour celui qui a vu les ombres bouger.",,,,,,
TOM_ITEM_DESC_0021,Ready,,"A basic chest guard to protect yourself, as you travel throughout Midgard.",Un protège-poitrine de base pour vous protéger lorsque vous voyagez dans Midgard.,,,,,,
TOM_ITEM_DESC_0022,Ready,,A chest guard to protect your heart from the dangers that may lurk in new territories.,Un protège-poitrine pour protéger votre cœur des dangers qui peuvent se cacher dans les nouveaux territoires.,,,,,,
TOM_ITEM_DESC_0023,Ready,,"A basic pair of gloves to protect yourself, as you travel throughout Midgard.",Une paire de gants de base pour vous protéger lors de vos déplacements dans Midgard.,,,,,,
TOM_ITEM_DESC_0024,Ready,,A pair of gloves to protect weary hands from the jaws of impatient beasts.,Une paire de gants pour protéger les mains fatiguées des mâchoires de bêtes impatientes.,,,,,,
TOM_ITEM_DESC_0025,Ready,,"A basic pair of pants to protect yourself, as you travel throughout Midgard.",Un pantalon basique pour vous protéger pendant vos déplacements dans Midgard.,,,,,,
TOM_ITEM_DESC_0026,Ready,,A pair of pants for the traveller that must walk far distances for that which they seek.,Un pantalon pour le voyageur qui doit parcourir de longues distances pour obtenir ce qu’il cherche.,,,,,,
TOM_ITEM_DESC_0027,Ready,,"A basic pair of boots to protect yourself, as you travel throughout Midgard.",Une paire de bottes basiques pour vous protéger lorsque vous voyagez dans Midgard.,,,,,,
TOM_ITEM_DESC_0028,Ready,,A pair of boots for the heavy steps of a traveller who has seen danger in the eyes of beasts.,Une paire de bottes pour les pas lourds d'un voyageur qui a vu le danger dans les yeux des bêtes.,,,,,,
TOM_ITEM_DESC_0029,Ready,,"A small piece of flint, to use for starting fires.","Un petit morceau de silex, à utiliser pour allumer des feux.",,,,,,
TOM_ITEM_DESC_0030,Ready,,A handful of burned... something.,Une poignée de... quelque chose de brûlé.,,,,,,
TOM_ITEM_DESC_0031,Ready,,A large piece of spun wool.,Un grand morceau de laine filée.,,,,,,
TOM_ITEM_DESC_0032,Ready,,A large piece of silk cloth.,Un grand morceau de tissu de soie.,,,,,,
TOM_ITEM_DESC_0033,Ready,,A shiny drop of moonstone.,Une goutte de pierre de lune brillante.,,,,,,
TOM_ITEM_DESC_0034,Ready,,"A large tooth, taken from the mouth of a wolf.",Une grosse dent extraite de la gueule d'un loup.,,,,,,
TOM_ITEM_DESC_0035,Ready,,A long golden chain.,Une longue chaîne en or.,,,,,,
TOM_ITEM_DESC_0036,Ready,,A small golden ring.,Un petit anneau d'or.,,,,,,
TOM_ITEM_DESC_0037,Ready,,"White bones from some poor, dead creature.",Des os blancs provenant d'une pauvre créature morte.,,,,,,
TOM_ITEM_DESC_0038,Ready,,A carved figurine of a drekar ship.,Une figurine sculptée d'un bateau drekar.,,,,,,
TOM_ITEM_DESC_0039,Ready,,A large piece of leather from an animal.,Un grand morceau de cuir d'un animal.,,,,,,
TOM_ITEM_DESC_0040,Ready,,"A chunk of iron ore, good for multiple uses.","Un morceau de minerai de fer, bon pour des usages multiples.",,,,,,
TOM_ITEM_DESC_0041,Ready,,A shiny amethyst stone.,Une pierre d'améthyste brillante.,,,,,,
TOM_ITEM_DESC_0042,Ready,,A shiny garnet stone.,Un grenat brillant.,,,,,,
TOM_ITEM_DESC_0043,Ready,,A shiny aquamarine stone.,Une pierre aquamarine brillante.,,,,,,
TOM_ITEM_DESC_0044,Ready,,"A sizable chunk of plain, grey stone.",Un gros morceau d'une pierre grise brute.,,,,,,
TOM_ITEM_DESC_0045,Ready,,"Some planks of wood, good for multiple uses.","Quelques planches de bois, bonnes pour des usages multiples.",,,,,,
TOM_ITEM_DESC_0046,Ready,,Hallucinogenic nectar from a Henbane plant.,Nectar hallucinogène d'une jusquiame noire.,,,,,,
TOM_ITEM_DESC_0047,Ready,,Some slimy strands of seaweed.,Quelques brins d'algues gluantes.,,,,,,
TOM_ITEM_DESC_0048,Ready,,Leaves collected from a Butterbur plant.,Feuilles collectées d'une pétasite.,,,,,,
TOM_ITEM_DESC_0049,Ready,,Twisted and dried roots from a Butterbur plant.,Racines tordues et séchées d'une pétasite.,,,,,,
TOM_ITEM_DESC_0050,Ready,,Drops of nectar from a Kingcup plant.,Gouttes de nectar de souci d'eau.,,,,,,
TOM_ITEM_DESC_0051,Ready,,Sweet and sticky sap from a Maple tree.,Sève sucrée et collante d'un érable.,,,,,,
TOM_ITEM_DESC_0052,Ready,,"A carved totem of Thor's hammer, Mjolnir.","Un totem sculpté du marteau de Thor, Mjolnir.",,,,,,
TOM_ITEM_DESC_0053,Ready,,The weighty jaw of a cold Frost Giant. A prize not to be taken lightly.,La lourde mâchoire d'un géant de glace froid. Une récompense à ne pas prendre à la légère.,,,,,,
TOM_ITEM_DESC_0054,Unused,,NA,TBD,,,,,,
TOM_ITEM_DESC_0055,Unused,,NA,TBD,,,,,,
TOM_ITEM_DESC_0056,Ready,,A piece of life force to help Yggdrasil survive.,Un reste de force de vie pour aider Yggdrasil à survivre.,,,,,,
TOM_ITEM_DESC_0057,Unused,,NA,TBD,,,,,,
TOM_ITEM_DESC_0058,Ready,,"From stone and wood, a basic hammer is made.","De pierre et de bois, un marteau de base est fabriqué.",,,,,,
TOM_ITEM_DESC_0059,Ready,,A sizeable piece of malleable silver.,Un gros morceau d'argent malléable.,,,,,,
TOM_ITEM_DESC_0060,Ready,,"A handful of long, brown sticks.",Une poignée de longs bâtons bruns.,,,,,,
TOM_ITEM_DESC_0061,Ready,,A small handful of grass.,Une petite poignée d'herbe.,,,,,,
TOM_ITEM_DESC_0062,Ready,,The pelt of an animal.,La peau d'un animal.,,,,,,
TOM_ITEM_DESC_0063,Ready,,A sizeable chunk of malleable gold.,Un gros morceau d'or malléable.,,,,,,
TOM_ITEM_DESC_0064,Ready,,"A shiny, indigo gemstone.",Une pierre précieuse brillante et indigo.,,,,,,
TOM_ITEM_DESC_0065,Unused,,NA,TBD,,,,,,
TOM_ITEM_DESC_0066,Ready,,A sizeable chunk of magnetite.,Un gros morceau de magnétite.,,,,,,
TOM_ITEM_DESC_0067,Ready,,A small sample of oil from a mushroom.,Un petit échantillon d'huile de champignon.,,,,,,
TOM_ITEM_DESC_0068,Ready,,Some fragrant and sharp needles from a spruce tree.,Quelques aiguilles odorantes et pointues d'un épicéa.,,,,,,
TOM_ITEM_DESC_0069,Ready,,A shiny sapphire stone.,Une pierre saphir brillante.,,,,,,
TOM_ITEM_DESC_0070,Ready,,"Not many Vikings would venture into the wild to hunt a bear, but this axe will certainly help.","Peu de Vikings se risqueraient dans la nature à chasser un ours, mais cette hache aidera certainement.",,,,,,
TOM_ITEM_DESC_0071,Ready,,"A favourite of the bloodthirsty Valkyries, who grow tired of picking the slain for Valhalla.","Un favori des Valkyries assoiffés de sang, qui en ont assez de ramasser les morts pour Valhalla.",,,,,,
TOM_ITEM_DESC_0072,Ready,,"A gift from the gods, to aid you in the protection and defense of their realm.","Un cadeau des dieux, pour vous aider dans la protection et la défense de leur royaume.",,,,,,
TOM_ITEM_DESC_0073,Ready,,"The fury of the earth and the power of molten rock, all contained within this axe.","La fureur de la terre et le pouvoir de la roche en fusion, tous contenus dans cette hache.",,,,,,
TOM_ITEM_DESC_0074,Ready,,"If you're called upon to scout the cold wilderness for the safety of your village, this is the axe for you.","Si vous êtes appelé à surveiller la nature sauvage et froide pour la sécurité de votre village, c'est la hache pour vous.",,,,,,
TOM_ITEM_DESC_0075,Ready,,This Axe is specially designed for the worst winter yet to come.,Cette hache est spécialement conçue pour le pire hiver à venir.,,,,,,
TOM_ITEM_DESC_0076,Ready,,"The favourite frosted battle axe of the Giant king, Fornjot's.","La hache de bataille givrée préférée du roi géant, Fornjot.",,,,,,
TOM_ITEM_DESC_0077,Ready,,"The gilded axe of the murdered god, who sends his best from Hel.","La hache dorée du dieu assassiné, qui envoie ses voeux depuis Hel.",,,,,,
TOM_ITEM_DESC_0078,Ready,,"A beautiful hammer once owned by the wise dwarf Alviss, until he was tricked by the god Thor.","Un magnifique marteau appartenant autrefois au sage nain Alviss, jusqu'à ce qu'il soit trompé par le dieu Thor.",,,,,,
TOM_ITEM_DESC_0079,Ready,,"A second hammer envisioned by the dwarves Sindri and Brokkr, that rivals the strength of Thor's.","Un deuxième marteau imaginé par les nains Sindri et Brokkr, qui rivalise avec la force de Thor.",,,,,,
TOM_ITEM_DESC_0080,Ready,,"A heavy hammer emerged from the fiery world of Muspelheim. Careful, it's hot.","Un lourd marteau a émergé du monde ardent de Muspelheim. Attention, il est bouillant.",,,,,,
TOM_ITEM_DESC_0081,Ready,,A gift from the giant-goddess who stormed Asgard and made a deal with the gods.,Un cadeau de la déesse géante qui a pris d'assaut Asgard et passé un accord avec les dieux.,,,,,,
TOM_ITEM_DESC_0082,Ready,,Used by men who are mad as dogs and the first to run into battle.,Utilisé par les hommes qui sont fous comme des chiens et les premiers à courrir sur les champs de bataille.,,,,,,
TOM_ITEM_DESC_0083,Ready,,"A great relic of the tragic Volsung family, this strong hammer once belonging to the princess, Signy.","Une grande relique de la tragique famille Volsung, ce puissant marteau appartenait autrefois à la princesse Signy.",,,,,,
TOM_ITEM_DESC_0084,Ready,,"Taken from a soldier twice-fallen, once from this world and once from the army of the dead.","Tiré d'un soldat tombé deux fois, une fois de ce monde et une fois de l'armée des morts.",,,,,,
TOM_ITEM_DESC_0085,Ready,,"A sturdy and reliable hammer once belonging to Prince Amleth, before his untimely demise.","Un marteau robuste et fiable ayant appartenu au prince Amleth, avant sa disparition prématurée.",,,,,,
TOM_ITEM_DESC_0086,Ready,,"The only hammer that can destroy a malicious, ancient Lindworm. Even if they don't exist anymore.",Le seul marteau capable de détruire un ancien Lindworm malveillant. Même s'ils n'existent plus.,,,,,,
TOM_ITEM_DESC_0087,Ready,,"The smallest lash from the eye of Ymir, now fashioned into the strongest sword you'll ever hold.","Le plus petit cil de l'œil de Ymir, maintenant façonné dans l'épée la plus forte que vous ayez jamais eue.",,,,,,
TOM_ITEM_DESC_0088,Ready,,"Something sharp to defend yourself with, should a tempest befall you.","Quelque chose de coupant avec lequel vous défendre, si une tempête s'abattait sur vous.",,,,,,
TOM_ITEM_DESC_0089,Ready,,As close as humankind can hold to the flaming sword of Surtr.,Aussi proche que l'humanité puisse tenir l'épée flamboyante de Surtr.,,,,,,
TOM_ITEM_DESC_0090,Ready,,"A sword emerged from the fiery world of Muspelheim, used to guard against intruders.","Une épée ayant émergé du monde brûlant de Muspelheim, utilisé pour se protéger des intrus.",,,,,,
TOM_ITEM_DESC_0091,Ready,,You never know what you might find in the mountains... keep this sword of bearstone and sapphire close.,Vous ne savez jamais ce que vous pourriez trouver dans les montagnes... gardez cette épée de pierre d'ours et de saphir à portée de main.,,,,,,
TOM_ITEM_DESC_0092,Ready,,"A great relic of the tragic Volsung family, this sword has many victories and tales scratched into its blade.","Une grande relique de la tragique famille Volsung, cette épée a de nombreuses victoires et récits gravés dans sa lame.",,,,,,
TOM_ITEM_DESC_0093,Ready,,"Taken from a soldier twice-fallen, once from this world and once from the army of the dead.","Tiré d'un soldat tombé deux fois, une fois de ce monde et une fois de l'armée des morts.",,,,,,
TOM_ITEM_DESC_0094,Ready,,Fused with the venom of the snake used to torture the bound Loki.,Infusé du venin du serpent utilisé pour torturer Loki.,,,,,,
TOM_ITEM_DESC_0095,Ready,,"The only sword that can destroy a malicious, ancient Lindworm. Even if they don't exist anymore.",La seule épée capable de détruire un ancien Lindworm malveillant. Même s'ils n'existent plus.,,,,,,
TOM_ITEM_DESC_0096,Ready,,"Not many Vikings would venture into the wild to hunt a bear, but this shield will certainly help.","Peu de Vikings se risqueraient dans la nature à chasser un ours, mais ce bouclier sera certainement utile.",,,,,,
TOM_ITEM_DESC_0097,Ready,,"A sturdy shield to use, should a tempest befall you.","Un bouclier solide à utiliser, si une tempête s'abattait sur vous.",,,,,,
TOM_ITEM_DESC_0098,Ready,,A shield used by the guards of Muspelheim.,Un bouclier utilisé par les gardes de Muspelheim.,,,,,,
TOM_ITEM_DESC_0099,Ready,,This Shield is specially designed for the worst winter yet to come.,Ce bouclier est spécialement conçu pour le pire hiver à venir.,,,,,,
TOM_ITEM_DESC_0100,Ready,,A sturdy Shield to keep you safe from the perils of winter.,Un bouclier robuste pour vous protéger des dangers de l'hiver.,,,,,,
TOM_ITEM_DESC_0101,Ready,,"A great relic of the tragic Volsung family, this shield has many stories etched into the wood.","Une grande relique de la tragique famille Volsung, ce bouclier a de nombreuses histoires gravées dans le bois.",,,,,,
TOM_ITEM_DESC_0102,Ready,,"Taken from a soldier twice-fallen, once from this world and once from the army of the dead.","Tiré d'un soldat tombé deux fois, une fois de ce monde et une fois de l'armée des morts.",,,,,,
TOM_ITEM_DESC_0103,Ready,,A shield with a suspicious way about it... nothing seems to want to make contact with it.,Un bouclier avec quelque chose de suspect... rien ne semble vouloir entrer en contact avec lui.,,,,,,
TOM_ITEM_DESC_0104,Ready,,A shield used by an angry Berserker - might still have the teeth marks!,Un bouclier utilisé par un Berserker en colère. Il pourrait encore avoir les marques de dents dessus!,,,,,,
TOM_ITEM_DESC_0105,Ready,,"Not many Vikings would venture into the wild to hunt a bear, but these boots will certainly help.","Peu de Vikings se risqueraient dans la nature à chasser un ours, mais ces bottes aideront certainement.",,,,,,
TOM_ITEM_DESC_0106,Ready,,"Some durable boots to wear, should a tempest befall you.","Certaines bottes durables à porter, si une tempête s'abattait sur vous.",,,,,,
TOM_ITEM_DESC_0107,Ready,,"The fury of the earth and the power of molten rock, all contained within these boots.","La fureur de la terre et le pouvoir de la roche en fusion, tous contenus dans ces bottes.",,,,,,
TOM_ITEM_DESC_0108,Ready,,Boots worn by the guards of Muspelheim.,Bottes portées par les gardes de Muspelheim.,,,,,,
TOM_ITEM_DESC_0109,Ready,,These boots are specially designed for the worst winter yet to come.,Ces bottes sont spécialement conçues pour le pire hiver à venir.,,,,,,
TOM_ITEM_DESC_0110,Ready,,These boots are specially designed for the worst winter yet to come.,Ces bottes sont spécialement conçues pour le pire hiver à venir.,,,,,,
TOM_ITEM_DESC_0111,Ready,,"A great relic of the tragic Volsung family, this shield has many stories etched into the wood.","Une grande relique de la tragique famille Volsung, ce bouclier a de nombreuses histoires gravées dans le bois.",,,,,,
TOM_ITEM_DESC_0112,Ready,,"Taken from a soldier twice-fallen, once from this world and once from the army of the dead.","Tiré d'un soldat tombé deux fois, une fois de ce monde et une fois de l'armée des morts.",,,,,,
TOM_ITEM_DESC_0113,Ready,,"The fast boots of the murdered god, who sends his best from Hel.","Les bottes rapides du dieu assassiné, qui envoie ses voeux de Hel.",,,,,,
TOM_ITEM_DESC_0114,Ready,,"Not many Vikings would venture into the wild to hunt a bear, but this chest guard will certainly help.","Peu de Vikings se risqueraient dans la nature à chasser un ours, mais ce protège-poitrine vous aidera certainement.",,,,,,
TOM_ITEM_DESC_0115,Ready,,"A durable chest guard to wear, should a tempest befall you.","Un protège-poitrine durable à porter, si une tempête s'abattait sur vous.",,,,,,
TOM_ITEM_DESC_0116,Ready,,"The fury of the earth and the power of molten rock, all contained within this chest guard.","La fureur de la terre et le pouvoir de la roche en fusion, tous contenus dans ce protège-poitrine.",,,,,,
TOM_ITEM_DESC_0117,Ready,,A chest guard worn by the guards of Muspelheim.,Un protège-poitrine porté par les gardes de Muspelheim.,,,,,,
TOM_ITEM_DESC_0118,Ready,,This chest piece is specially designed for the worst winter yet to come.,Cette pièce de poitrine est spécialement conçue pour le pire hiver à venir.,,,,,,
TOM_ITEM_DESC_0119,Ready,,This chest piece is specially designed for the worst winter yet to come.,Cette pièce de poitrine est spécialement conçue pour le pire hiver à venir.,,,,,,
TOM_ITEM_DESC_0120,Ready,,"A great relic of the tragic Volsung family, this chest guard has been worn by many before.","Une grande relique de la tragique famille Volsung, ce protège-poitrine a déjà été porté par de nombreuses personnes.",,,,,,
TOM_ITEM_DESC_0121,Ready,,"Taken from a soldier twice-fallen, once from this world and once from the army of the dead.","Tiré d'un soldat tombé deux fois, une fois de ce monde et une fois de l'armée des morts.",,,,,,
TOM_ITEM_DESC_0122,Ready,,"The strong and powerful cloak of the murdered god, who sends his best from Hel.","Le manteau fort et puissant du dieu assassiné, qui envoie ses voeux de Hel.",,,,,,
TOM_ITEM_DESC_0123,Ready,,"Not many Vikings would venture into the wild to hunt a bear, but these gloves will certainly help.","Peu de Vikings se risqueraient dans la nature à chasser un ours, mais ces gants vont certainement aider.",,,,,,
TOM_ITEM_DESC_0124,Ready,,"Some trusty and dry gloves to wear, should a tempest befall you.","Certains gants fiables et secs à porter, si une tempête s'abattait sur vous.",,,,,,
TOM_ITEM_DESC_0125,Ready,,"The fury of the earth and the power of molten rock, all contained within these gloves.","La fureur de la terre et le pouvoir de la roche en fusion, tous contenus dans ces gants.",,,,,,
TOM_ITEM_DESC_0126,Ready,,Gloves worn by the guards of Muspelheim.,Gants portés par les gardes de Muspelheim.,,,,,,
TOM_ITEM_DESC_0127,Ready,,These gloves are specially designed for the worst winter yet to come.,Ces gants sont spécialement conçus pour le pire hiver à venir.,,,,,,
TOM_ITEM_DESC_0128,Ready,,These gloves are specially designed for the worst winter yet to come.,Ces gants sont spécialement conçus pour le pire hiver à venir.,,,,,,
TOM_ITEM_DESC_0129,Ready,,"A great relic of the tragic Volsung family, these gloves have been worn by many before.","Une grande relique de la tragique famille Volsung, ces gants ont déjà été portés par beaucoup.",,,,,,
TOM_ITEM_DESC_0130,Ready,,"Taken from a soldier twice-fallen, once from this world and once from the army of the dead.","Tiré d'un soldat tombé deux fois, une fois de ce monde et une fois de l'armée des morts.",,,,,,
TOM_ITEM_DESC_0131,Ready,,"The light gloves of the murdered god, who sends his best from Hel.","Les gants légers du dieu assassiné, qui envoie ses voeux de Hel.",,,,,,
TOM_ITEM_DESC_0132,Ready,,"Not many Vikings would venture into the wild to hunt a bear, but this helmet will certainly help.","Peu de Vikings se risqueraient dans la nature à chasser un ours, mais ce casque sera certainement utile.",,,,,,
TOM_ITEM_DESC_0133,Ready,,"A reliable protective helmet to wear, should a tempest befall you.","Un casque de protection fiable à porter, si une tempête s'abattait sur vous.",,,,,,
TOM_ITEM_DESC_0134,Ready,,"The fury of the earth and the power of molten rock, all contained within this helmet.","La fureur de la terre et la puissance de la roche en fusion, tout contenu dans ce casque.",,,,,,
TOM_ITEM_DESC_0135,Ready,,A helmet worn by the guards of Muspelheim.,Un casque porté par les gardes de Muspelheim.,,,,,,
TOM_ITEM_DESC_0136,Ready,,This helmet is specially designed for the worst winter yet to come.,Ce casque est spécialement conçu pour le pire hiver à venir.,,,,,,
TOM_ITEM_DESC_0137,Ready,,This helmet is specially designed for the worst winter yet to come.,Ce casque est spécialement conçu pour le pire hiver à venir.,,,,,,
TOM_ITEM_DESC_0138,Ready,,"A great relic of the tragic Volsung family, this helmet has been worn by many before you.","Une grande relique de la tragique famille Volsung, ce casque a été porté par beaucoup avant vous.",,,,,,
TOM_ITEM_DESC_0139,Ready,,"Taken from a soldier twice-fallen, once from this world and once from the army of the dead.","Tiré d'un soldat tombé deux fois, une fois de ce monde et une fois de l'armée des morts.",,,,,,
TOM_ITEM_DESC_0140,Ready,,"The gilded helmet of the murdered god, who sends his best from Hel.","Le casque doré du dieu assassiné, qui envoie ses voeux de Hel.",,,,,,
TOM_ITEM_DESC_0141,Ready,,"A basic helmet to protect yourself, as you travel throughout Midgard.",Un casque de base pour vous protéger lorsque vous voyagez dans Midgard.,,,,,,
TOM_ITEM_DESC_0142,Ready,,An easy helmet for when your travels take you to a dangerous place.,Un casque facile à utiliser lorsque vos voyages vous mènent dans un endroit dangereux.,,,,,,
TOM_ITEM_DESC_0143,Ready,,"Not many Vikings would venture into the wild to hunt a bear, but these pants will certainly help.","Peu de Vikings se risqueraient dans la nature à chasser un ours, mais ce pantalon aidera certainement.",,,,,,
TOM_ITEM_DESC_0144,Ready,,"Some warm and dry pants to wear, should a tempest befall you.","Certains pantalons chauds et secs à porter, si une tempête s'abattait sur vous.",,,,,,
TOM_ITEM_DESC_0145,Ready,,"The fury of the earth and the power of molten rock, all contained within these pants.","La fureur de la terre et le pouvoir de la roche en fusion, tous contenus dans ces pantalons.",,,,,,
TOM_ITEM_DESC_0146,Ready,,Pants worn by the guards of Muspelheim.,Pantalon porté par les gardes de Muspelheim.,,,,,,
TOM_ITEM_DESC_0147,Ready,,These pants are specially designed for the worst winter yet to come.,Ce pantalon est spécialement conçu pour le pire hiver à venir.,,,,,,
TOM_ITEM_DESC_0148,Ready,,These pants are specially designed for the worst winter yet to come.,Ce pantalon est spécialement conçu pour le pire hiver à venir.,,,,,,
TOM_ITEM_DESC_0149,Ready,,"A great relic of the tragic Volsung family, these pants are well-worn by their ancestors.","Une grande relique de la tragique famille Volsung, ce pantalon fut bien utilisé par ses ancêtres.",,,,,,
TOM_ITEM_DESC_0150,Ready,,"Taken from a soldier twice-fallen, once from this world and once from the army of the dead.","Tiré d'un soldat tombé deux fois, une fois de ce monde et une fois de l'armée des morts.",,,,,,
TOM_ITEM_DESC_0151,Ready,,"The light pants of the murdered god, who sends his best from Hel.","Le pantalon léger du dieu assassiné, qui envoie ses voeux de Hel.",,,,,,
TOM_ITEM_DESC_0152,Unused,,NA,TBD,,,,,,
TOM_ITEM_DESC_0153,Unused,,NA,TBD,,,,,,
TOM_ITEM_DESC_0154,Unused,,NA,TBD,,,,,,
TOM_ITEM_DESC_0155,Unused,,NA,TBD,,,,,,
TOM_ITEM_DESC_0156,Unused,,NA,TBD,,,,,,
TOM_ITEM_DESC_0157,Unused,,NA,TBD,,,,,,
TOM_ITEM_DESC_0158,Unused,,NA,TBD,,,,,,
TOM_ITEM_DESC_0159,Unused,,NA,TBD,,,,,,
TOM_ITEM_DESC_0160,Unused,,NA,TBD,,,,,,
TOM_ITEM_DESC_0161,Unused,,NA,TBD,,,,,,
TOM_ITEM_DESC_0162,Unused,,NA,TBD,,,,,,
TOM_ITEM_DESC_0163,Unused,,NA,TBD,,,,,,
TOM_ITEM_DESC_0164,Unused,,NA,TBD,,,,,,
TOM_ITEM_DESC_0165,Unused,,NA,TBD,,,,,,
TOM_ITEM_DESC_0166,Unused,,NA,TBD,,,,,,
TOM_ITEM_DESC_0167,Unused,,NA,TBD,,,,,,
TOM_ITEM_DESC_0168,Unused,,NA,TBD,,,,,,
TOM_ITEM_DESC_0169,Unused,,NA,TBD,,,,,,
TOM_ITEM_DESC_0170,Unused,,NA,TBD,,,,,,
TOM_ITEM_DESC_0171,Ready,,"Rough night? Whether it's too much ale or too many creatures at your door, this quick cure will give you a boost.","Dure nuit? Que ce soit à cause de trop de bière ou de trop de créatures à votre porte, cette cure rapide vous donnera un coup de pouce.",,,,,,
TOM_ITEM_DESC_0172,Ready,,You'll need something strong after a bad hit; this cleansing potion should do the trick.,Vous aurez besoin de quelque chose de fort après un mauvais coup; cette potion nettoyante devrait faire l'affaire.,,,,,,
TOM_ITEM_DESC_0173,Ready,,Fill up your stamina and get ready for a special attack with this sweet brew.,Remontez votre endurance et préparez-vous pour une attaque spéciale avec cette infusion sucrée.,,,,,,
TOM_ITEM_DESC_0174,Ready,,Some herbs to add flavour to your mead.,Quelques herbes pour ajouter de la saveur à votre hydromel.,,,,,,
TOM_ITEM_DESC_0175,Ready,,Red berries that serve many culinary purposes.,Les fruits rouges qui servent de nombreux objectifs culinaires.,,,,,,
TOM_ITEM_DESC_0176,Ready,,"Strong fibrous ropes, not unlike those that once held Fenrir.","Des cordes fibreuses solides, semblables à celles qui maintenaient autrefois Fenrir.",,,,,,
TOM_ITEM_DESC_0177,Ready,,"Silver strands, said to come from the combs of Ran's daughters.","Des brins d'argent, qui proviendraient des peignes des filles de Ran.",,,,,,
TOM_ITEM_DESC_0178,Ready,,A horn broken off of a bitter Fire Giant. A prize not to be taken lightly.,Une corne cassée d'un géant de feu amer. Une rcéompense à ne pas prendre à la légère.,,,,,,
TOM_ITEM_DESC_0179,Ready,,Sweet and thirst-quenching sap from a birch tree.,Sève sucrée et désaltérante d'un bouleau.,,,,,,
TOM_ITEM_DESC_0180,Ready,,A shiny gemstone that seems to change colours in the light.,Une pierre précieuse brillante qui semble changer de couleur à la lumière.,,,,,,
TOM_ITEM_DESC_0181,Ready,,A most unwelcome plant... don't let the gods catch you with this.,Une plante très importune... ne laissez pas les dieux vous attraper avec cela.,,,,,,
TOM_ITEM_DESC_0182,Ready,,"A sample of lightning, captured in a flask.","Un échantillon de foudre, capturé dans une fiole.",,,,,,
TOM_ITEM_DESC_0183,Ready,,Some drops of poisonous dew from a yew.,Quelques gouttes de rosée toxique d'un if.,,,,,,
TOM_ITEM_DESC_0184,Unused,,NA,TBD,,,,,,
TOM_ITEM_DESC_0185,Unused,,NA,TBD,,,,,,
TOM_ITEM_DESC_0186,Unused,,NA,TBD,,,,,,
TOM_ITEM_DESC_0187,Unused,,NA,TBD,,,,,,
TOM_ITEM_DESC_0188,Unused,,NA,TBD,,,,,,
TOM_ITEM_DESC_0189,Unused,,NA,TBD,,,,,,
TOM_ITEM_DESC_0190,Unused,,NA,TBD,,,,,,
TOM_ITEM_DESC_0191,Unused,,NA,TBD,,,,,,
TOM_ITEM_DESC_0192,Unused,,NA,TBD,,,,,,
TOM_ITEM_DESC_0193,Ready,,"A few fingernails of the dead, used to build boats for Hel's army.","Quelques ongles de morts, utilisés pour construire des bateaux pour l'armée de Hel.",,,,,,
TOM_ITEM_DESC_0194,Ready,,A handful of dark thorns broken off from some unpleasant flower from Hel,Une poignée d'épines noires coupées d'une fleur désagréable de Hel,,,,,,
TOM_ITEM_DESC_0195,Unused,,NA,TBD,,,,,,
TOM_ITEM_DESC_0196,Unused,,NA,TBD,,,,,,
TOM_ITEM_DESC_0197,Unused,,NA,TBD,,,,,,
TOM_ITEM_DESC_0198,Ready,,"A firm, woody cone from a pine tree.",Une pomme boisée et ferme issue d'un pin.,,,,,,
TOM_ITEM_DESC_0199,Ready,,"Strips of bark from a pine tree, that can only be harvested in the cold.","Des lanières d'écorce de pin, qui ne peuvent être récoltées que par temps froid.",,,,,,
TOM_ITEM_DESC_0200,Ready,,A sweet syrup filled with nutrients.,Un sirop sucré rempli de nutriments.,,,,,,
TOM_ITEM_DESC_0201,Unused,,NA,TBD,,,,,,
TOM_ITEM_DESC_0202,Unused,,NA,TBD,,,,,,
TOM_ITEM_DESC_0203,Unused,,NA,TBD,,,,,,
TOM_ITEM_DESC_0204,Unused,,NA,TBD,,,,,,
TOM_ITEM_DESC_0205,Unused,,NA,TBD,,,,,,
TOM_ITEM_DESC_0206,Unused,,NA,TBD,,,,,,
TOM_ITEM_DESC_0207,Ready,,"When a sudden recovery is needed, try this mix. The berries mask the bitter taste of kingcup and dilute the henbane.","Quand un besoin de santé est urgent, essayez ce mélange. Les baies masquent le goût amer du souci d'eau et diluent la vanille.",,,,,,
TOM_ITEM_DESC_0208,Unused,,NA,TBD,,,,,,
TOM_ITEM_DESC_0209,Unused,,NA,TBD,,,,,,
TOM_ITEM_DESC_0210,Unused,,NA,TBD,,,,,,
TOM_ITEM_DESC_0211,Unused,,NA,TBD,,,,,,
TOM_ITEM_DESC_0212,Ready,,Rocks won't stand a chance with this more durable pickaxe. Too weak to be used in a fight.,Les rochers n'auront aucune chance face à cette pioche plus durable. Trop faible pour être utilisée en combat.,,,,,,
TOM_ITEM_DESC_0213,Ready,,A more durable wood axe to fill up Midgard with stumps. Too weak to be used in a fight.,Une hache pour arbre plus durable histoire de remplir Midgard de souches. Trop faible pour être utilisée en combat.,,,,,,
,,,,,,,,,,
,,,,,,,,,,
TOM_SKILL_NAME_0001,Ready,,Midgard Kick,Pied de Midgard,,,,,,
TOM_SKILL_NAME_0002,Ready,,Whirlwind,Tourbillon,,,,,,
TOM_SKILL_NAME_0003,Ready,,Line Strike,Frappe en ligne,,,,,,
TOM_SKILL_NAME_0004,Ready,,Dark Whirlwind,Tourbillon sombre,,,,,,
TOM_SKILL_NAME_0005,Ready,,Thunder Whirlwind,Tourbillon électrique,,,,,,
TOM_SKILL_NAME_0006,Ready,,Attract,Attraction,,,,,,
TOM_SKILL_NAME_0007,Ready,,Tree of Life,Arbre de vie,,,,,,
TOM_SKILL_NAME_0008,Ready,,Thunderstorm,Orage,,,,,,
TOM_SKILL_NAME_0009,Ready,,Slash Wave,Vague coupante,,,,,,
TOM_SKILL_NAME_0010,Ready,,Fire Slash Wave,Vague coupante enflammée,,,,,,
TOM_SKILL_NAME_0011,Ready,,Ice Slash Wave,Vague coupante glacée,,,,,,
TOM_SKILL_NAME_0012,Ready,,Fury,Fureur,,,,,,
TOM_SKILL_NAME_0013,Ready,,Thick Skin,Peau dure,,,,,,
TOM_SKILL_NAME_0014,Ready,,Blizzard,Blizzard,,,,,,
TOM_SKILL_NAME_0015,Ready,,Fire Line Strike,Frappe en ligne enflammée,,,,,,
TOM_SKILL_NAME_0016,Ready,,Dark Line Strike,Frappe en ligne sombre,,,,,,
TOM_SKILL_NAME_0017,Ready,,Blood Drain,Drain de sang,,,,,,
TOM_SKILL_NAME_0018,Ready,,Fire Trail,Sentier de feu,,,,,,
,,,,,,,,,,
TOM_SKILL_DESC_0001,Unused,,Midgard Kick,TBD,,,,,,
TOM_SKILL_DESC_0002,Unused,,Whirlwind,TBD,,,,,,
TOM_SKILL_DESC_0003,Unused,,Line Strike,TBD,,,,,,
TOM_SKILL_DESC_0004,Unused,,Dark Whirlwind,TBD,,,,,,
TOM_SKILL_DESC_0005,Unused,,Thunder Whirlwind,TBD,,,,,,
TOM_SKILL_DESC_0006,Unused,,Attract,TBD,,,,,,
TOM_SKILL_DESC_0007,Unused,,Tree of Life,TBD,,,,,,
TOM_SKILL_DESC_0008,Unused,,Thunderstorm,TBD,,,,,,
TOM_SKILL_DESC_0009,Unused,,Slash Wave,TBD,,,,,,
TOM_SKILL_DESC_0010,Unused,,Fire Slash Wave,TBD,,,,,,
TOM_SKILL_DESC_0011,Unused,,Ice Slash Wave,TBD,,,,,,
TOM_SKILL_DESC_0012,Unused,,Fury,TBD,,,,,,
TOM_SKILL_DESC_0013,Unused,,Thick Skin,TBD,,,,,,
TOM_SKILL_DESC_0014,Unused,,Blizzard,TBD,,,,,,
TOM_SKILL_DESC_0015,Unused,,Fire Line Strike,TBD,,,,,,
TOM_SKILL_DESC_0016,Unused,,Dark Line Strike,TBD,,,,,,
TOM_SKILL_DESC_0017,Unused,,Blood Drain,TBD,,,,,,
TOM_SKILL_DESC_0018,Unused,,Fire Trail,TBD,,,,,,
,,,,,,,,,,
,,,,,,,,,,
TOM_PERK_NAME_0001,Ready,,Burn,Brûle,,,,,,
TOM_PERK_NAME_0002,Ready,,Cold,Froid,,,,,,
TOM_PERK_NAME_0003,Ready,,Void,Vide,,,,,,
TOM_PERK_NAME_0004,Ready,,Paralyze,Paralyse,,,,,,
TOM_PERK_NAME_0005,Ready,,Fireproof,Anti Feu,,,,,,
TOM_PERK_NAME_0006,Ready,,Iceproof,Anti Glace,,,,,,
TOM_PERK_NAME_0007,Ready,,Voidproof,Anti Vide,,,,,,
TOM_PERK_NAME_0008,Ready,,Shockproof,Anti Choc,,,,,,
TOM_PERK_NAME_0009,Unused,,Giant Fireproof,TBD,,,,,,
TOM_PERK_NAME_0010,Unused,,Giant Iceproof,TBD,,,,,,
TOM_PERK_NAME_0011,Unused,,Giant Voidproof,TBD,,,,,,
TOM_PERK_NAME_0012,Unused,,Giant Shockproof,TBD,,,,,,
TOM_PERK_NAME_0013,Ready,,Fireproof +,Anti Feu +,,,,,,
TOM_PERK_NAME_0014,Ready,,Iceproof +,Anti Glace +,,,,,,
TOM_PERK_NAME_0015,Ready,,Voidproof +,Anti Vide +,,,,,,
TOM_PERK_NAME_0016,Ready,,Shockproof +,Anti Choc +,,,,,,
TOM_PERK_NAME_0017,Ready,,Fireproof ++,Anti Feu ++,,,,,,
TOM_PERK_NAME_0018,Ready,,Iceproof ++,Anti Glace ++,,,,,,
TOM_PERK_NAME_0019,Ready,,Voidproof ++,Anti Vide ++,,,,,,
TOM_PERK_NAME_0020,Ready,,Shockproof ++,Anti Choc ++,,,,,,
TOM_PERK_NAME_0021,Ready,,Burn +,Brûle +,,,,,,
TOM_PERK_NAME_0022,Ready,,Cold +,Froid +,,,,,,
TOM_PERK_NAME_0023,Ready,,Void +,Vide +,,,,,,
TOM_PERK_NAME_0024,Ready,,Paralyze +,Paralyse +,,,,,,
TOM_PERK_NAME_0025,Ready,,Burn ++,Brûle ++,,,,,,
TOM_PERK_NAME_0026,Ready,,Cold ++,Froid ++,,,,,,
TOM_PERK_NAME_0027,Ready,,Void ++,Vide ++,,,,,,
TOM_PERK_NAME_0028,Ready,,Paralyze ++,Paralyse ++,,,,,,
TOM_PERK_NAME_0029,Ready,,Fury,Fureur,,,,,,
TOM_PERK_NAME_0030,Ready,,Endure,Endurer,,,,,,
TOM_PERK_NAME_0031,Unused,,Werewolf Leap,TBD,,,,,,
TOM_PERK_NAME_0032,Unused,,Small Heal Potion,TBD,,,,,,
TOM_PERK_NAME_0033,Unused,,Good Heal Potion,TBD,,,,,,
TOM_PERK_NAME_0034,Unused,,Ability Potion,TBD,,,,,,
TOM_PERK_NAME_0035,Unused,,LifeSteal,TBD,,,,,,
TOM_PERK_NAME_0036,Unused,,FireTrail,TBD,,,,,,
TOM_PERK_NAME_0037,Unused,,Ice Giant - IceTrail,TBD,,,,,,
TOM_PERK_NAME_0038,Unused,,Wolf Leap,TBD,,,,,,
TOM_PERK_NAME_0039,Unused,,Awesome Heal Potion,TBD,,,,,,
,,,,,,,,,,
TOM_PERK_DESC_0001,Unused,,Burn,TBD,,,,,,
TOM_PERK_DESC_0002,Unused,,Cold,TBD,,,,,,
TOM_PERK_DESC_0003,Unused,,Void,TBD,,,,,,
TOM_PERK_DESC_0004,Unused,,Paralyze,TBD,,,,,,
TOM_PERK_DESC_0005,Unused,,Fireproof,TBD,,,,,,
TOM_PERK_DESC_0006,Unused,,Iceproof,TBD,,,,,,
TOM_PERK_DESC_0007,Unused,,Voidproof,TBD,,,,,,
TOM_PERK_DESC_0008,Unused,,Shockproof,TBD,,,,,,
TOM_PERK_DESC_0009,Unused,,Giant Fireproof,TBD,,,,,,
TOM_PERK_DESC_0010,Unused,,Giant Iceproof,TBD,,,,,,
TOM_PERK_DESC_0011,Unused,,Giant Voidproof,TBD,,,,,,
TOM_PERK_DESC_0012,Unused,,Giant Shockproof,TBD,,,,,,
TOM_PERK_DESC_0013,Unused,,Fireproof +,TBD,,,,,,
TOM_PERK_DESC_0014,Unused,,Iceproof +,TBD,,,,,,
TOM_PERK_DESC_0015,Unused,,Voidproof +,TBD,,,,,,
TOM_PERK_DESC_0016,Unused,,Shockproof +,TBD,,,,,,
TOM_PERK_DESC_0017,Unused,,Fireproof ++,TBD,,,,,,
TOM_PERK_DESC_0018,Unused,,Iceproof ++,TBD,,,,,,
TOM_PERK_DESC_0019,Unused,,Voidproof ++,TBD,,,,,,
TOM_PERK_DESC_0020,Unused,,Shockproof ++,TBD,,,,,,
TOM_PERK_DESC_0021,Unused,,Burn +,TBD,,,,,,
TOM_PERK_DESC_0022,Unused,,Cold +,TBD,,,,,,
TOM_PERK_DESC_0023,Unused,,Void +,TBD,,,,,,
TOM_PERK_DESC_0024,Unused,,Paralyze +,TBD,,,,,,
TOM_PERK_DESC_0025,Unused,,Burn ++,TBD,,,,,,
TOM_PERK_DESC_0026,Unused,,Cold ++,TBD,,,,,,
TOM_PERK_DESC_0027,Unused,,Void ++,TBD,,,,,,
TOM_PERK_DESC_0028,Unused,,Paralyze ++,TBD,,,,,,
TOM_PERK_DESC_0029,Unused,,Fury,TBD,,,,,,
TOM_PERK_DESC_0030,Unused,,Endure,TBD,,,,,,
TOM_PERK_DESC_0031,Unused,,Werewolf Leap,TBD,,,,,,
TOM_PERK_DESC_0032,Unused,,Small Heal Potion,TBD,,,,,,
TOM_PERK_DESC_0033,Unused,,Good Heal Potion,TBD,,,,,,
TOM_PERK_DESC_0034,Unused,,Ability Potion,TBD,,,,,,
TOM_PERK_DESC_0035,Unused,,LifeSteal,TBD,,,,,,
TOM_PERK_DESC_0036,Unused,,FireTrail,TBD,,,,,,
TOM_PERK_DESC_0037,Unused,,Ice Giant - IceTrail,TBD,,,,,,
TOM_PERK_DESC_0038,Unused,,Wolf Leap,TBD,,,,,,
TOM_PERK_DESC_0039,Unused,,Awesome Heal Potion,TBD,,,,,,
,,,,,,,,,,
,,,,,,,,,,
TOM_TECH_NAME_0001,Unused,,TBD,TBD,,,,,,
TOM_TECH_NAME_0002,Unused,,TBD,TBD,,,,,,
TOM_TECH_NAME_0003,Unused,,TBD,TBD,,,,,,
,,,,,,,,,,
TOM_TECH_DESC_0001,Unused,,TBD,TBD,,,,,,
TOM_TECH_DESC_0002,Unused,,TBD,TBD,,,,,,
TOM_TECH_DESC_0003,Unused,,TBD,TBD,,,,,,
,,,,,,,,,,
,,,,,,,,,,
TOM_COSMETIC_NAME_0001,Ready,,Tone 01,Ton 01,,,,,,
TOM_COSMETIC_NAME_0002,Ready,,Tone 02,Ton 02,,,,,,
TOM_COSMETIC_NAME_0003,Ready,,Tone 03,Ton 03,,,,,,
TOM_COSMETIC_NAME_0004,Ready,,Tone 04,Ton 04,,,,,,
TOM_COSMETIC_NAME_0005,Ready,,Tone 05,Ton 05,,,,,,
TOM_COSMETIC_NAME_0006,Ready,,Tone 06,Ton 06,,,,,,
TOM_COSMETIC_NAME_0007,Ready,,Color 01,Couleur 01,,,,,,
TOM_COSMETIC_NAME_0008,Ready,,Color 02,Couleur 02,,,,,,
TOM_COSMETIC_NAME_0009,Ready,,Color 03,Couleur 03,,,,,,
TOM_COSMETIC_NAME_0010,Ready,,Color 04,Couleur 04,,,,,,
TOM_COSMETIC_NAME_0011,Ready,,Color 05,Couleur 05,,,,,,
TOM_COSMETIC_NAME_0012,Ready,,Face 01,Visage 01,,,,,,
TOM_COSMETIC_NAME_0013,Ready,,Face 01,Visage 01,,,,,,
TOM_COSMETIC_NAME_0014,Ready,,Style 01,Style 01,,,,,,
TOM_COSMETIC_NAME_0015,Ready,,Style 01,Style 01,,,,,,
TOM_COSMETIC_NAME_0016,Ready,,Style 02,Style 02,,,,,,
TOM_COSMETIC_NAME_0017,Ready,,Style 03,Style 03,,,,,,
TOM_COSMETIC_NAME_0018,Ready,,Style 02,Style 02,,,,,,
TOM_COSMETIC_NAME_0019,Ready,,Style 03,Style 03,,,,,,
TOM_COSMETIC_NAME_0020,Ready,,Face 02,Visage 02,,,,,,
TOM_COSMETIC_NAME_0021,Ready,,Face 03,Visage 03,,,,,,
TOM_COSMETIC_NAME_0022,Ready,,Face 02,Visage 02,,,,,,
TOM_COSMETIC_NAME_0023,Ready,,Face 03,Visage 03,,,,,,
,,,,,,,,,,
TOM_COSMETIC_DESC_0001,Unused,,Tone 01,TBD,,,,,,
TOM_COSMETIC_DESC_0002,Unused,,Tone 02,TBD,,,,,,
TOM_COSMETIC_DESC_0003,Unused,,Tone 03,TBD,,,,,,
TOM_COSMETIC_DESC_0004,Unused,,Tone 04,TBD,,,,,,
TOM_COSMETIC_DESC_0005,Unused,,Tone 05,TBD,,,,,,
TOM_COSMETIC_DESC_0006,Unused,,Tone 06,TBD,,,,,,
TOM_COSMETIC_DESC_0007,Unused,,Color 01,TBD,,,,,,
TOM_COSMETIC_DESC_0008,Unused,,Color 02,TBD,,,,,,
TOM_COSMETIC_DESC_0009,Unused,,Color 03,TBD,,,,,,
TOM_COSMETIC_DESC_0010,Unused,,Color 04,TBD,,,,,,
TOM_COSMETIC_DESC_0011,Unused,,Color 05,TBD,,,,,,
TOM_COSMETIC_DESC_0012,Unused,,Face 01,TBD,,,,,,
TOM_COSMETIC_DESC_0013,Unused,,Face 01,TBD,,,,,,
TOM_COSMETIC_DESC_0014,Unused,,Style 01,TBD,,,,,,
TOM_COSMETIC_DESC_0015,Unused,,Style 01,TBD,,,,,,
TOM_COSMETIC_DESC_0016,Unused,,Style 02,TBD,,,,,,
TOM_COSMETIC_DESC_0017,Unused,,Style 03,TBD,,,,,,
TOM_COSMETIC_DESC_0018,Unused,,Style 02,TBD,,,,,,
TOM_COSMETIC_DESC_0019,Unused,,Style 03,TBD,,,,,,
TOM_COSMETIC_DESC_0020,Unused,,Face 02,TBD,,,,,,
TOM_COSMETIC_DESC_0021,Unused,,Face 03,TBD,,,,,,
TOM_COSMETIC_DESC_0022,Unused,,Face 02,TBD,,,,,,
TOM_COSMETIC_DESC_0023,Unused,,Face 03,TBD,,,,,,
